delivery_id,match_id,bowler_id,batsman_id,ball_type,timestamp,x,y,z,frame_number,is_hawkeye_prediction,hit_stumps
D1,M79366,B1,BT9,bouncer,2025-04-23 17:38:37.366631,0.486,2.258,0.009,1,False,False
D1,M79366,B1,BT9,bouncer,2025-04-23 17:38:37.372394,0.49,2.271,0.2,2,False,False
D1,M79366,B1,BT9,bouncer,2025-04-23 17:38:37.378157,0.498,2.272,0.416,3,False,False
D1,M79366,B1,BT9,bouncer,2025-04-23 17:38:37.383920,0.495,2.277,0.606,4,False,False
D1,M79366,B1,BT9,bouncer,2025-04-23 17:38:37.389682,0.498,2.279,0.809,5,False,False
D1,M79366,B1,BT9,bouncer,2025-04-23 17:38:37.395445,0.493,2.291,1.012,6,False,False
D1,M79366,B1,BT9,bouncer,2025-04-23 17:38:37.401208,0.488,2.297,1.219,7,False,False
D1,M79366,B1,BT9,bouncer,2025-04-23 17:38:37.406971,0.506,2.296,1.428,8,False,False
D1,M79366,B1,BT9,bouncer,2025-04-23 17:38:37.412734,0.494,2.313,1.622,9,False,False
D1,M79366,B1,BT9,bouncer,2025-04-23 17:38:37.418497,0.505,2.314,1.836,10,False,False
D1,M79366,B1,BT9,bouncer,2025-04-23 17:38:37.424259,0.492,2.309,2.022,11,False,False
D1,M79366,B1,BT9,bouncer,2025-04-23 17:38:37.430022,0.498,2.329,2.235,12,False,False
D1,M79366,B1,BT9,bouncer,2025-04-23 17:38:37.435785,0.498,2.328,2.437,13,False,False
D1,M79366,B1,BT9,bouncer,2025-04-23 17:38:37.441548,0.503,2.32,2.644,14,False,False
D1,M79366,B1,BT9,bouncer,2025-04-23 17:38:37.447311,0.495,2.33,2.841,15,False,False
D1,M79366,B1,BT9,bouncer,2025-04-23 17:38:37.453074,0.501,2.327,3.055,16,False,False
D1,M79366,B1,BT9,bouncer,2025-04-23 17:38:37.458836,0.505,2.333,3.248,17,False,False
D1,M79366,B1,BT9,bouncer,2025-04-23 17:38:37.464599,0.5,2.345,3.456,18,False,False
D1,M79366,B1,BT9,bouncer,2025-04-23 17:38:37.470362,0.502,2.332,3.65,19,False,False
D1,M79366,B1,BT9,bouncer,2025-04-23 17:38:37.476125,0.503,2.346,3.868,20,False,False
D1,M79366,B1,BT9,bouncer,2025-04-23 17:38:37.481888,0.49,2.345,4.063,21,False,False
D1,M79366,B1,BT9,bouncer,2025-04-23 17:38:37.487651,0.503,2.342,4.27,22,False,False
D1,M79366,B1,BT9,bouncer,2025-04-23 17:38:37.493413,0.484,2.346,4.469,23,False,False
D1,M79366,B1,BT9,bouncer,2025-04-23 17:38:37.499176,0.48,2.347,4.678,24,False,False
D1,M79366,B1,BT9,bouncer,2025-04-23 17:38:37.504939,0.482,2.339,4.879,25,False,False
D1,M79366,B1,BT9,bouncer,2025-04-23 17:38:37.510702,0.481,2.346,5.079,26,False,False
D1,M79366,B1,BT9,bouncer,2025-04-23 17:38:37.516465,0.484,2.343,5.29,27,False,False
D1,M79366,B1,BT9,bouncer,2025-04-23 17:38:37.522228,0.478,2.346,5.487,28,False,False
D1,M79366,B1,BT9,bouncer,2025-04-23 17:38:37.527990,0.476,2.338,5.696,29,False,False
D1,M79366,B1,BT9,bouncer,2025-04-23 17:38:37.533753,0.472,2.326,5.896,30,False,False
D1,M79366,B1,BT9,bouncer,2025-04-23 17:38:37.539516,0.456,2.336,6.095,31,False,False
D1,M79366,B1,BT9,bouncer,2025-04-23 17:38:37.545279,0.443,2.337,6.287,32,False,False
D1,M79366,B1,BT9,bouncer,2025-04-23 17:38:37.551042,0.44,2.327,6.496,33,False,False
D1,M79366,B1,BT9,bouncer,2025-04-23 17:38:37.556805,0.431,2.319,6.702,34,False,False
D1,M79366,B1,BT9,bouncer,2025-04-23 17:38:37.562567,0.43,2.324,6.908,35,False,False
D1,M79366,B1,BT9,bouncer,2025-04-23 17:38:37.568330,0.425,2.307,7.106,36,False,False
D1,M79366,B1,BT9,bouncer,2025-04-23 17:38:37.574093,0.411,2.318,7.303,37,False,False
D1,M79366,B1,BT9,bouncer,2025-04-23 17:38:37.579856,0.401,2.304,7.513,38,False,False
D1,M79366,B1,BT9,bouncer,2025-04-23 17:38:37.585619,0.395,2.307,7.723,39,False,False
D1,M79366,B1,BT9,bouncer,2025-04-23 17:38:37.591382,0.396,2.297,7.922,40,False,False
D1,M79366,B1,BT9,bouncer,2025-04-23 17:38:37.597144,0.39,2.296,8.114,41,False,False
D1,M79366,B1,BT9,bouncer,2025-04-23 17:38:37.602907,0.373,2.289,8.323,42,False,False
D1,M79366,B1,BT9,bouncer,2025-04-23 17:38:37.608670,0.372,2.281,8.525,43,False,False
D1,M79366,B1,BT9,bouncer,2025-04-23 17:38:37.614433,0.374,2.281,8.739,44,False,False
D1,M79366,B1,BT9,bouncer,2025-04-23 17:38:37.620196,0.354,2.266,8.936,45,False,False
D1,M79366,B1,BT9,bouncer,2025-04-23 17:38:37.625959,0.346,2.255,9.132,46,False,False
D1,M79366,B1,BT9,bouncer,2025-04-23 17:38:37.631721,0.353,2.251,9.346,47,False,False
D1,M79366,B1,BT9,bouncer,2025-04-23 17:38:37.637484,0.347,2.244,9.541,48,False,False
D1,M79366,B1,BT9,bouncer,2025-04-23 17:38:37.643247,0.339,2.238,9.754,49,False,False
D1,M79366,B1,BT9,bouncer,2025-04-23 17:38:37.649010,0.318,2.234,9.943,50,False,False
D1,M79366,B1,BT9,bouncer,2025-04-23 17:38:37.654773,0.313,2.226,10.152,51,False,False
D1,M79366,B1,BT9,bouncer,2025-04-23 17:38:37.660536,0.324,2.198,10.357,52,False,False
D1,M79366,B1,BT9,bouncer,2025-04-23 17:38:37.666298,0.315,2.2,10.555,53,False,False
D1,M79366,B1,BT9,bouncer,2025-04-23 17:38:37.672061,0.317,2.184,10.769,54,False,False
D1,M79366,B1,BT9,bouncer,2025-04-23 17:38:37.677824,0.317,2.172,10.96,55,False,False
D1,M79366,B1,BT9,bouncer,2025-04-23 17:38:37.683587,0.303,2.174,11.173,56,False,False
D1,M79366,B1,BT9,bouncer,2025-04-23 17:38:37.689350,0.301,2.158,11.371,57,False,False
D1,M79366,B1,BT9,bouncer,2025-04-23 17:38:37.695113,0.309,2.143,11.571,58,False,False
D1,M79366,B1,BT9,bouncer,2025-04-23 17:38:37.700875,0.307,2.123,11.779,59,False,False
D1,M79366,B1,BT9,bouncer,2025-04-23 17:38:37.706638,0.315,2.116,11.989,60,False,False
D1,M79366,B1,BT9,bouncer,2025-04-23 17:38:37.712401,0.304,2.1,12.176,61,False,False
D1,M79366,B1,BT9,bouncer,2025-04-23 17:38:37.718164,0.323,2.103,12.394,62,False,False
D1,M79366,B1,BT9,bouncer,2025-04-23 17:38:37.723927,0.315,2.091,12.601,63,False,False
D1,M79366,B1,BT9,bouncer,2025-04-23 17:38:37.729690,0.321,2.072,12.789,64,False,False
D1,M79366,B1,BT9,bouncer,2025-04-23 17:38:37.735452,0.341,2.054,13.003,65,False,False
D1,M79366,B1,BT9,bouncer,2025-04-23 17:38:37.741215,0.335,2.041,13.199,66,False,False
D1,M79366,B1,BT9,bouncer,2025-04-23 17:38:37.746978,0.342,2.037,13.412,67,False,False
D1,M79366,B1,BT9,bouncer,2025-04-23 17:38:37.752741,0.361,2.014,13.615,68,False,False
D1,M79366,B1,BT9,bouncer,2025-04-23 17:38:37.758504,0.368,1.991,13.806,69,False,False
D1,M79366,B1,BT9,bouncer,2025-04-23 17:38:37.764267,0.373,1.983,14.016,70,False,False
D1,M79366,B1,BT9,bouncer,2025-04-23 17:38:37.770029,0.386,1.977,14.207,71,False,False
D1,M79366,B1,BT9,bouncer,2025-04-23 17:38:37.775792,0.386,1.954,14.427,72,False,False
D1,M79366,B1,BT9,bouncer,2025-04-23 17:38:37.781555,0.411,1.93,14.612,73,False,False
D1,M79366,B1,BT9,bouncer,2025-04-23 17:38:37.787318,0.417,1.924,14.824,74,False,False
D1,M79366,B1,BT9,bouncer,2025-04-23 17:38:37.793081,0.431,1.912,15.025,75,False,False
D1,M79366,B1,BT9,bouncer,2025-04-23 17:38:37.798844,0.44,1.888,15.24,76,False,False
D1,M79366,B1,BT9,bouncer,2025-04-23 17:38:37.804606,0.456,1.866,15.427,77,False,False
D1,M79366,B1,BT9,bouncer,2025-04-23 17:38:37.810369,0.473,1.851,15.632,78,False,False
D1,M79366,B1,BT9,bouncer,2025-04-23 17:38:37.816132,0.478,1.833,15.837,79,False,False
D1,M79366,B1,BT9,bouncer,2025-04-23 17:38:37.821895,0.483,1.807,16.044,80,False,False
D1,M79366,B1,BT9,bouncer,2025-04-23 17:38:37.827658,0.501,1.804,16.241,81,False,False
D1,M79366,B1,BT9,bouncer,2025-04-23 17:38:37.833421,0.526,1.784,16.453,82,False,False
D1,M79366,B1,BT9,bouncer,2025-04-23 17:38:37.839183,0.521,1.755,16.652,83,False,False
D1,M79366,B1,BT9,bouncer,2025-04-23 17:38:37.844946,0.536,1.747,16.847,84,False,False
D1,M79366,B1,BT9,bouncer,2025-04-23 17:38:37.850709,0.552,1.719,17.068,85,False,False
D1,M79366,B1,BT9,bouncer,2025-04-23 17:38:37.856472,0.57,1.691,17.266,86,False,False
D1,M79366,B1,BT9,bouncer,2025-04-23 17:38:37.862235,0.58,1.684,17.466,87,False,False
D1,M79366,B1,BT9,bouncer,2025-04-23 17:38:37.867998,0.594,1.654,17.678,88,False,False
D1,M79366,B1,BT9,bouncer,2025-04-23 17:38:37.873760,0.594,1.633,17.869,89,False,False
D1,M79366,B1,BT9,bouncer,2025-04-23 17:38:37.879523,0.622,1.616,18.071,90,False,False
D1,M79366,B1,BT9,bouncer,2025-04-23 17:38:37.885286,0.632,1.602,18.283,91,False,False
D1,M79366,B1,BT9,bouncer,2025-04-23 17:38:37.891049,0.635,1.565,18.471,92,False,False
D1,M79366,B1,BT9,bouncer,2025-04-23 17:38:37.896812,0.637,1.54,18.69,93,False,False
D1,M79366,B1,BT9,bouncer,2025-04-23 17:38:37.902575,0.65,1.525,18.883,94,True,False
D1,M79366,B1,BT9,bouncer,2025-04-23 17:38:37.908337,0.665,1.505,19.095,95,True,False
D1,M79366,B1,BT9,bouncer,2025-04-23 17:38:37.914100,0.667,1.477,19.296,96,True,False
D1,M79366,B1,BT9,bouncer,2025-04-23 17:38:37.919863,0.686,1.456,19.501,97,True,False
D1,M79366,B1,BT9,bouncer,2025-04-23 17:38:37.925626,0.69,1.434,19.709,98,True,False
D1,M79366,B1,BT9,bouncer,2025-04-23 17:38:37.931389,0.689,1.408,19.911,99,True,False
D1,M79366,B1,BT9,bouncer,2025-04-23 17:38:37.937152,0.697,1.378,20.1,100,True,False
D2,M79366,B3,BT3,inswinger,2025-04-23 17:38:37.367144,0.486,2.192,0.002,1,False,False
D2,M79366,B3,BT3,inswinger,2025-04-23 17:38:37.372636,0.503,2.192,0.207,2,False,False
D2,M79366,B3,BT3,inswinger,2025-04-23 17:38:37.378128,0.486,2.194,0.413,3,False,False
D2,M79366,B3,BT3,inswinger,2025-04-23 17:38:37.383621,0.487,2.183,0.603,4,False,False
D2,M79366,B3,BT3,inswinger,2025-04-23 17:38:37.389113,0.487,2.181,0.814,5,False,False
D2,M79366,B3,BT3,inswinger,2025-04-23 17:38:37.394605,0.487,2.172,1.011,6,False,False
D2,M79366,B3,BT3,inswinger,2025-04-23 17:38:37.400097,0.503,2.183,1.215,7,False,False
D2,M79366,B3,BT3,inswinger,2025-04-23 17:38:37.405589,0.494,2.169,1.425,8,False,False
D2,M79366,B3,BT3,inswinger,2025-04-23 17:38:37.411082,0.491,2.16,1.633,9,False,False
D2,M79366,B3,BT3,inswinger,2025-04-23 17:38:37.416574,0.504,2.158,1.836,10,False,False
D2,M79366,B3,BT3,inswinger,2025-04-23 17:38:37.422066,0.498,2.162,2.04,11,False,False
D2,M79366,B3,BT3,inswinger,2025-04-23 17:38:37.427558,0.515,2.142,2.237,12,False,False
D2,M79366,B3,BT3,inswinger,2025-04-23 17:38:37.433050,0.507,2.142,2.447,13,False,False
D2,M79366,B3,BT3,inswinger,2025-04-23 17:38:37.438543,0.524,2.136,2.649,14,False,False
D2,M79366,B3,BT3,inswinger,2025-04-23 17:38:37.444035,0.525,2.129,2.854,15,False,False
D2,M79366,B3,BT3,inswinger,2025-04-23 17:38:37.449527,0.525,2.122,3.042,16,False,False
D2,M79366,B3,BT3,inswinger,2025-04-23 17:38:37.455019,0.532,2.104,3.259,17,False,False
D2,M79366,B3,BT3,inswinger,2025-04-23 17:38:37.460511,0.542,2.097,3.462,18,False,False
D2,M79366,B3,BT3,inswinger,2025-04-23 17:38:37.466004,0.549,2.098,3.666,19,False,False
D2,M79366,B3,BT3,inswinger,2025-04-23 17:38:37.471496,0.565,2.091,3.856,20,False,False
D2,M79366,B3,BT3,inswinger,2025-04-23 17:38:37.476988,0.571,2.083,4.063,21,False,False
D2,M79366,B3,BT3,inswinger,2025-04-23 17:38:37.482480,0.597,2.076,4.273,22,False,False
D2,M79366,B3,BT3,inswinger,2025-04-23 17:38:37.487972,0.597,2.065,4.47,23,False,False
D2,M79366,B3,BT3,inswinger,2025-04-23 17:38:37.493465,0.623,2.05,4.667,24,False,False
D2,M79366,B3,BT3,inswinger,2025-04-23 17:38:37.498957,0.623,2.047,4.871,25,False,False
D2,M79366,B3,BT3,inswinger,2025-04-23 17:38:37.504449,0.651,2.034,5.076,26,False,False
D2,M79366,B3,BT3,inswinger,2025-04-23 17:38:37.509941,0.674,2.015,5.287,27,False,False
D2,M79366,B3,BT3,inswinger,2025-04-23 17:38:37.515433,0.694,2.012,5.479,28,False,False
D2,M79366,B3,BT3,inswinger,2025-04-23 17:38:37.520926,0.707,1.997,5.694,29,False,False
D2,M79366,B3,BT3,inswinger,2025-04-23 17:38:37.526418,0.726,1.996,5.884,30,False,False
D2,M79366,B3,BT3,inswinger,2025-04-23 17:38:37.531910,0.753,1.976,6.104,31,False,False
D2,M79366,B3,BT3,inswinger,2025-04-23 17:38:37.537402,0.787,1.955,6.291,32,False,False
D2,M79366,B3,BT3,inswinger,2025-04-23 17:38:37.542894,0.809,1.954,6.505,33,False,False
D2,M79366,B3,BT3,inswinger,2025-04-23 17:38:37.548386,0.831,1.937,6.712,34,False,False
D2,M79366,B3,BT3,inswinger,2025-04-23 17:38:37.553879,0.853,1.922,6.907,35,False,False
D2,M79366,B3,BT3,inswinger,2025-04-23 17:38:37.559371,0.892,1.914,7.108,36,False,False
D2,M79366,B3,BT3,inswinger,2025-04-23 17:38:37.564863,0.921,1.904,7.314,37,False,False
D2,M79366,B3,BT3,inswinger,2025-04-23 17:38:37.570355,0.941,1.893,7.523,38,False,False
D2,M79366,B3,BT3,inswinger,2025-04-23 17:38:37.575847,0.979,1.88,7.712,39,False,False
D2,M79366,B3,BT3,inswinger,2025-04-23 17:38:37.581340,0.994,1.854,7.925,40,False,False
D2,M79366,B3,BT3,inswinger,2025-04-23 17:38:37.586832,1.027,1.849,8.122,41,False,False
D2,M79366,B3,BT3,inswinger,2025-04-23 17:38:37.592324,1.069,1.829,8.341,42,False,False
D2,M79366,B3,BT3,inswinger,2025-04-23 17:38:37.597816,1.084,1.821,8.534,43,False,False
D2,M79366,B3,BT3,inswinger,2025-04-23 17:38:37.603308,1.119,1.788,8.737,44,False,False
D2,M79366,B3,BT3,inswinger,2025-04-23 17:38:37.608801,1.156,1.787,8.943,45,False,False
D2,M79366,B3,BT3,inswinger,2025-04-23 17:38:37.614293,1.183,1.759,9.144,46,False,False
D2,M79366,B3,BT3,inswinger,2025-04-23 17:38:37.619785,1.205,1.746,9.349,47,False,False
D2,M79366,B3,BT3,inswinger,2025-04-23 17:38:37.625277,1.217,1.724,9.551,48,False,False
D2,M79366,B3,BT3,inswinger,2025-04-23 17:38:37.630769,1.249,1.705,9.755,49,False,False
D2,M79366,B3,BT3,inswinger,2025-04-23 17:38:37.636262,1.265,1.696,9.95,50,False,False
D2,M79366,B3,BT3,inswinger,2025-04-23 17:38:37.641754,1.296,1.679,10.156,51,False,False
D2,M79366,B3,BT3,inswinger,2025-04-23 17:38:37.647246,1.321,1.663,10.364,52,False,False
D2,M79366,B3,BT3,inswinger,2025-04-23 17:38:37.652738,1.335,1.639,10.566,53,False,False
D2,M79366,B3,BT3,inswinger,2025-04-23 17:38:37.658230,1.344,1.629,10.777,54,False,False
D2,M79366,B3,BT3,inswinger,2025-04-23 17:38:37.663723,1.352,1.598,10.97,55,False,False
D2,M79366,B3,BT3,inswinger,2025-04-23 17:38:37.669215,1.375,1.583,11.179,56,False,False
D2,M79366,B3,BT3,inswinger,2025-04-23 17:38:37.674707,1.383,1.562,11.388,57,False,False
D2,M79366,B3,BT3,inswinger,2025-04-23 17:38:37.680199,1.388,1.541,11.582,58,False,False
D2,M79366,B3,BT3,inswinger,2025-04-23 17:38:37.685691,1.385,1.524,11.78,59,False,False
D2,M79366,B3,BT3,inswinger,2025-04-23 17:38:37.691184,1.393,1.504,11.992,60,False,False
D2,M79366,B3,BT3,inswinger,2025-04-23 17:38:37.696676,1.381,1.495,12.188,61,False,False
D2,M79366,B3,BT3,inswinger,2025-04-23 17:38:37.702168,1.374,1.463,12.387,62,False,False
D2,M79366,B3,BT3,inswinger,2025-04-23 17:38:37.707660,1.357,1.454,12.599,63,False,False
D2,M79366,B3,BT3,inswinger,2025-04-23 17:38:37.713152,1.359,1.43,12.802,64,False,False
D2,M79366,B3,BT3,inswinger,2025-04-23 17:38:37.718645,1.349,1.398,13.008,65,False,False
D2,M79366,B3,BT3,inswinger,2025-04-23 17:38:37.724137,1.323,1.379,13.211,66,False,False
D2,M79366,B3,BT3,inswinger,2025-04-23 17:38:37.729629,1.3,1.356,13.415,67,False,False
D2,M79366,B3,BT3,inswinger,2025-04-23 17:38:37.735121,1.294,1.335,13.609,68,False,False
D2,M79366,B3,BT3,inswinger,2025-04-23 17:38:37.740613,1.267,1.312,13.81,69,False,False
D2,M79366,B3,BT3,inswinger,2025-04-23 17:38:37.746106,1.249,1.284,14.026,70,False,False
D2,M79366,B3,BT3,inswinger,2025-04-23 17:38:37.751598,1.208,1.258,14.226,71,False,False
D2,M79366,B3,BT3,inswinger,2025-04-23 17:38:37.757090,1.191,1.234,14.431,72,False,False
D2,M79366,B3,BT3,inswinger,2025-04-23 17:38:37.762582,1.162,1.212,14.63,73,False,False
D2,M79366,B3,BT3,inswinger,2025-04-23 17:38:37.768074,1.133,1.198,14.835,74,False,False
D2,M79366,B3,BT3,inswinger,2025-04-23 17:38:37.773567,1.101,1.177,15.043,75,False,False
D2,M79366,B3,BT3,inswinger,2025-04-23 17:38:37.779059,1.066,1.145,15.243,76,False,False
D2,M79366,B3,BT3,inswinger,2025-04-23 17:38:37.784551,1.028,1.11,15.453,77,False,False
D2,M79366,B3,BT3,inswinger,2025-04-23 17:38:37.790043,0.985,1.101,15.643,78,False,False
D2,M79366,B3,BT3,inswinger,2025-04-23 17:38:37.795535,0.956,1.067,15.846,79,False,False
D2,M79366,B3,BT3,inswinger,2025-04-23 17:38:37.801028,0.912,1.041,16.051,80,False,False
D2,M79366,B3,BT3,inswinger,2025-04-23 17:38:37.806520,0.891,1.007,16.263,81,False,False
D2,M79366,B3,BT3,inswinger,2025-04-23 17:38:37.812012,0.847,0.981,16.457,82,False,False
D2,M79366,B3,BT3,inswinger,2025-04-23 17:38:37.817504,0.82,0.969,16.667,83,False,False
D2,M79366,B3,BT3,inswinger,2025-04-23 17:38:37.822996,0.775,0.928,16.873,84,False,False
D2,M79366,B3,BT3,inswinger,2025-04-23 17:38:37.828489,0.748,0.913,17.074,85,False,False
D2,M79366,B3,BT3,inswinger,2025-04-23 17:38:37.833981,0.708,0.869,17.272,86,False,False
D2,M79366,B3,BT3,inswinger,2025-04-23 17:38:37.839473,0.682,0.853,17.475,87,False,False
D2,M79366,B3,BT3,inswinger,2025-04-23 17:38:37.844965,0.643,0.815,17.673,88,False,False
D2,M79366,B3,BT3,inswinger,2025-04-23 17:38:37.850457,0.617,0.801,17.878,89,False,False
D2,M79366,B3,BT3,inswinger,2025-04-23 17:38:37.855950,0.59,0.757,18.076,90,False,False
D2,M79366,B3,BT3,inswinger,2025-04-23 17:38:37.861442,0.57,0.725,18.281,91,False,False
D2,M79366,B3,BT3,inswinger,2025-04-23 17:38:37.866934,0.533,0.703,18.491,92,False,False
D2,M79366,B3,BT3,inswinger,2025-04-23 17:38:37.872426,0.502,0.664,18.697,93,False,False
D2,M79366,B3,BT3,inswinger,2025-04-23 17:38:37.877918,0.496,0.633,18.906,94,True,False
D2,M79366,B3,BT3,inswinger,2025-04-23 17:38:37.883411,0.468,0.619,19.098,95,True,False
D2,M79366,B3,BT3,inswinger,2025-04-23 17:38:37.888903,0.442,0.577,19.304,96,True,False
D2,M79366,B3,BT3,inswinger,2025-04-23 17:38:37.894395,0.423,0.544,19.513,97,True,False
D2,M79366,B3,BT3,inswinger,2025-04-23 17:38:37.899887,0.399,0.51,19.711,98,True,False
D2,M79366,B3,BT3,inswinger,2025-04-23 17:38:37.905379,0.39,0.496,19.909,99,True,False
D2,M79366,B3,BT3,inswinger,2025-04-23 17:38:37.910871,0.37,0.445,20.113,100,True,False
D3,M79366,B5,BT9,leg-break,2025-04-23 17:38:37.367552,-0.525,2.067,-0.01,1,False,False
D3,M79366,B5,BT9,leg-break,2025-04-23 17:38:37.376325,-0.521,2.054,0.193,2,False,False
D3,M79366,B5,BT9,leg-break,2025-04-23 17:38:37.385099,-0.484,2.057,0.396,3,False,False
D3,M79366,B5,BT9,leg-break,2025-04-23 17:38:37.393872,-0.47,2.05,0.598,4,False,False
D3,M79366,B5,BT9,leg-break,2025-04-23 17:38:37.402646,-0.463,2.041,0.801,5,False,False
D3,M79366,B5,BT9,leg-break,2025-04-23 17:38:37.411419,-0.447,2.028,1.004,6,False,False
D3,M79366,B5,BT9,leg-break,2025-04-23 17:38:37.420193,-0.426,2.022,1.221,7,False,False
D3,M79366,B5,BT9,leg-break,2025-04-23 17:38:37.428966,-0.412,2.006,1.425,8,False,False
D3,M79366,B5,BT9,leg-break,2025-04-23 17:38:37.437739,-0.393,1.981,1.629,9,False,False
D3,M79366,B5,BT9,leg-break,2025-04-23 17:38:37.446513,-0.365,1.976,1.814,10,False,False
D3,M79366,B5,BT9,leg-break,2025-04-23 17:38:37.455286,-0.358,1.958,2.02,11,False,False
D3,M79366,B5,BT9,leg-break,2025-04-23 17:38:37.464060,-0.331,1.947,2.22,12,False,False
D3,M79366,B5,BT9,leg-break,2025-04-23 17:38:37.472833,-0.314,1.941,2.422,13,False,False
D3,M79366,B5,BT9,leg-break,2025-04-23 17:38:37.481607,-0.291,1.916,2.633,14,False,False
D3,M79366,B5,BT9,leg-break,2025-04-23 17:38:37.490380,-0.273,1.898,2.829,15,False,False
D3,M79366,B5,BT9,leg-break,2025-04-23 17:38:37.499154,-0.255,1.883,3.04,16,False,False
D3,M79366,B5,BT9,leg-break,2025-04-23 17:38:37.507927,-0.228,1.856,3.239,17,False,False
D3,M79366,B5,BT9,leg-break,2025-04-23 17:38:37.516700,-0.214,1.854,3.441,18,False,False
D3,M79366,B5,BT9,leg-break,2025-04-23 17:38:37.525474,-0.196,1.827,3.637,19,False,False
D3,M79366,B5,BT9,leg-break,2025-04-23 17:38:37.534247,-0.18,1.797,3.852,20,False,False
D3,M79366,B5,BT9,leg-break,2025-04-23 17:38:37.543021,-0.154,1.788,4.042,21,False,False
D3,M79366,B5,BT9,leg-break,2025-04-23 17:38:37.551794,-0.133,1.764,4.26,22,False,False
D3,M79366,B5,BT9,leg-break,2025-04-23 17:38:37.560568,-0.11,1.741,4.449,23,False,False
D3,M79366,B5,BT9,leg-break,2025-04-23 17:38:37.569341,-0.093,1.723,4.646,24,False,False
D3,M79366,B5,BT9,leg-break,2025-04-23 17:38:37.578114,-0.065,1.701,4.857,25,False,False
D3,M79366,B5,BT9,leg-break,2025-04-23 17:38:37.586888,-0.046,1.675,5.07,26,False,False
D3,M79366,B5,BT9,leg-break,2025-04-23 17:38:37.595661,-0.007,1.636,5.255,27,False,False
D3,M79366,B5,BT9,leg-break,2025-04-23 17:38:37.604435,0.01,1.615,5.469,28,False,False
D3,M79366,B5,BT9,leg-break,2025-04-23 17:38:37.613208,0.024,1.581,5.668,29,False,False
D3,M79366,B5,BT9,leg-break,2025-04-23 17:38:37.621982,0.05,1.549,5.861,30,False,False
D3,M79366,B5,BT9,leg-break,2025-04-23 17:38:37.630755,0.09,1.533,6.073,31,False,False
D3,M79366,B5,BT9,leg-break,2025-04-23 17:38:37.639529,0.099,1.494,6.27,32,False,False
D3,M79366,B5,BT9,leg-break,2025-04-23 17:38:37.648302,0.137,1.477,6.48,33,False,False
D3,M79366,B5,BT9,leg-break,2025-04-23 17:38:37.657075,0.168,1.431,6.678,34,False,False
D3,M79366,B5,BT9,leg-break,2025-04-23 17:38:37.665849,0.196,1.404,6.881,35,False,False
D3,M79366,B5,BT9,leg-break,2025-04-23 17:38:37.674622,0.208,1.379,7.078,36,False,False
D3,M79366,B5,BT9,leg-break,2025-04-23 17:38:37.683396,0.243,1.342,7.28,37,False,False
D3,M79366,B5,BT9,leg-break,2025-04-23 17:38:37.692169,0.264,1.297,7.5,38,False,False
D3,M79366,B5,BT9,leg-break,2025-04-23 17:38:37.700943,0.286,1.265,7.687,39,False,False
D3,M79366,B5,BT9,leg-break,2025-04-23 17:38:37.709716,0.318,1.239,7.896,40,False,False
D3,M79366,B5,BT9,leg-break,2025-04-23 17:38:37.718489,0.347,1.209,8.104,41,False,False
D3,M79366,B5,BT9,leg-break,2025-04-23 17:38:37.727263,0.371,1.161,8.305,42,False,False
D3,M79366,B5,BT9,leg-break,2025-04-23 17:38:37.736036,0.412,1.116,8.502,43,False,False
D3,M79366,B5,BT9,leg-break,2025-04-23 17:38:37.744810,0.423,1.085,8.703,44,False,False
D3,M79366,B5,BT9,leg-break,2025-04-23 17:38:37.753583,0.454,1.039,8.902,45,False,False
D3,M79366,B5,BT9,leg-break,2025-04-23 17:38:37.762357,0.475,1.005,9.11,46,False,False
D3,M79366,B5,BT9,leg-break,2025-04-23 17:38:37.771130,0.511,0.959,9.311,47,False,False
D3,M79366,B5,BT9,leg-break,2025-04-23 17:38:37.779903,0.534,0.928,9.522,48,False,False
D3,M79366,B5,BT9,leg-break,2025-04-23 17:38:37.788677,0.552,0.889,9.727,49,False,False
D3,M79366,B5,BT9,leg-break,2025-04-23 17:38:37.797450,0.591,0.831,9.918,50,False,False
D3,M79366,B5,BT9,leg-break,2025-04-23 17:38:37.806224,0.615,0.795,10.124,51,False,False
D3,M79366,B5,BT9,leg-break,2025-04-23 17:38:37.814997,0.637,0.75,10.315,52,False,False
D3,M79366,B5,BT9,leg-break,2025-04-23 17:38:37.823771,0.657,0.715,10.531,53,False,False
D3,M79366,B5,BT9,leg-break,2025-04-23 17:38:37.832544,0.675,0.668,10.728,54,False,False
D3,M79366,B5,BT9,leg-break,2025-04-23 17:38:37.841318,0.698,0.619,10.939,55,False,False
D3,M79366,B5,BT9,leg-break,2025-04-23 17:38:37.850091,0.732,0.569,11.124,56,False,False
D3,M79366,B5,BT9,leg-break,2025-04-23 17:38:37.858864,0.736,0.523,11.338,57,False,False
D3,M79366,B5,BT9,leg-break,2025-04-23 17:38:37.867638,0.758,0.471,11.537,58,False,False
D3,M79366,B5,BT9,leg-break,2025-04-23 17:38:37.876411,0.777,0.418,11.74,59,False,False
D3,M79366,B5,BT9,leg-break,2025-04-23 17:38:37.885185,0.794,0.37,11.943,60,False,False
D3,M79366,B5,BT9,leg-break,2025-04-23 17:38:37.893958,0.821,0.317,12.148,61,False,False
D3,M79366,B5,BT9,leg-break,2025-04-23 17:38:37.902732,0.832,0.262,12.349,62,False,False
D3,M79366,B5,BT9,leg-break,2025-04-23 17:38:37.911505,0.842,0.205,12.552,63,False,False
D3,M79366,B5,BT9,leg-break,2025-04-23 17:38:37.920278,0.859,0.16,12.759,64,False,False
D3,M79366,B5,BT9,leg-break,2025-04-23 17:38:37.929052,0.867,0.092,12.965,65,False,False
D3,M79366,B5,BT9,leg-break,2025-04-23 17:38:37.937825,0.886,0.025,13.163,66,False,False
D3,M79366,B5,BT9,leg-break,2025-04-23 17:38:37.946599,0.901,0.036,13.362,67,False,False
D3,M79366,B5,BT9,leg-break,2025-04-23 17:38:37.955372,0.915,0.041,13.557,68,False,False
D3,M79366,B5,BT9,leg-break,2025-04-23 17:38:37.964146,0.925,0.073,13.767,69,False,False
D3,M79366,B5,BT9,leg-break,2025-04-23 17:38:37.972919,0.932,0.113,13.968,70,False,False
D3,M79366,B5,BT9,leg-break,2025-04-23 17:38:37.981693,0.945,0.139,14.161,71,False,False
D3,M79366,B5,BT9,leg-break,2025-04-23 17:38:37.990466,0.941,0.18,14.372,72,False,False
D3,M79366,B5,BT9,leg-break,2025-04-23 17:38:37.999239,0.947,0.22,14.582,73,False,False
D3,M79366,B5,BT9,leg-break,2025-04-23 17:38:38.008013,0.962,0.25,14.774,74,False,False
D3,M79366,B5,BT9,leg-break,2025-04-23 17:38:38.016786,0.963,0.29,14.982,75,False,False
D3,M79366,B5,BT9,leg-break,2025-04-23 17:38:38.025560,0.973,0.327,15.193,76,False,False
D3,M79366,B5,BT9,leg-break,2025-04-23 17:38:38.034333,0.98,0.367,15.395,77,False,False
D3,M79366,B5,BT9,leg-break,2025-04-23 17:38:38.043107,0.991,0.414,15.578,78,False,False
D3,M79366,B5,BT9,leg-break,2025-04-23 17:38:38.051880,0.996,0.441,15.782,79,False,False
D3,M79366,B5,BT9,leg-break,2025-04-23 17:38:38.060653,1.001,0.489,15.984,80,False,False
D3,M79366,B5,BT9,leg-break,2025-04-23 17:38:38.069427,1.011,0.518,16.189,81,False,False
D3,M79366,B5,BT9,leg-break,2025-04-23 17:38:38.078200,1.021,0.558,16.398,82,False,False
D3,M79366,B5,BT9,leg-break,2025-04-23 17:38:38.086974,1.029,0.615,16.602,83,False,False
D3,M79366,B5,BT9,leg-break,2025-04-23 17:38:38.095747,1.019,0.641,16.804,84,False,False
D3,M79366,B5,BT9,leg-break,2025-04-23 17:38:38.104521,1.03,0.683,17.007,85,False,False
D3,M79366,B5,BT9,leg-break,2025-04-23 17:38:38.113294,1.049,0.723,17.213,86,False,False
D3,M79366,B5,BT9,leg-break,2025-04-23 17:38:38.122067,1.045,0.774,17.419,87,False,False
D3,M79366,B5,BT9,leg-break,2025-04-23 17:38:38.130841,1.06,0.823,17.608,88,False,False
D3,M79366,B5,BT9,leg-break,2025-04-23 17:38:38.139614,1.055,0.853,17.811,89,False,False
D3,M79366,B5,BT9,leg-break,2025-04-23 17:38:38.148388,1.064,0.897,18.022,90,False,False
D3,M79366,B5,BT9,leg-break,2025-04-23 17:38:38.157161,1.071,0.954,18.213,91,False,False
D3,M79366,B5,BT9,leg-break,2025-04-23 17:38:38.165935,1.084,0.989,18.431,92,False,False
D3,M79366,B5,BT9,leg-break,2025-04-23 17:38:38.174708,1.089,1.045,18.624,93,False,False
D3,M79366,B5,BT9,leg-break,2025-04-23 17:38:38.183482,1.097,1.082,18.833,94,False,False
D3,M79366,B5,BT9,leg-break,2025-04-23 17:38:38.192255,1.116,0.01,19.036,95,True,False
D3,M79366,B5,BT9,leg-break,2025-04-23 17:38:38.201028,1.132,0.0,19.237,96,True,False
D3,M79366,B5,BT9,leg-break,2025-04-23 17:38:38.209802,1.136,0.012,19.443,97,True,False
D3,M79366,B5,BT9,leg-break,2025-04-23 17:38:38.218575,1.149,0.019,19.646,98,True,False
D3,M79366,B5,BT9,leg-break,2025-04-23 17:38:38.227349,1.164,0.005,19.849,99,True,False
D3,M79366,B5,BT9,leg-break,2025-04-23 17:38:38.236122,1.171,0.01,20.047,100,True,False
D4,M79366,B4,BT3,off-break,2025-04-23 17:38:37.367997,0.56,2.196,-0.006,1,False,False
D4,M79366,B4,BT3,off-break,2025-04-23 17:38:37.377059,0.548,2.209,0.193,2,False,False
D4,M79366,B4,BT3,off-break,2025-04-23 17:38:37.386122,0.538,2.205,0.4,3,False,False
D4,M79366,B4,BT3,off-break,2025-04-23 17:38:37.395184,0.518,2.213,0.61,4,False,False
D4,M79366,B4,BT3,off-break,2025-04-23 17:38:37.404247,0.504,2.217,0.802,5,False,False
D4,M79366,B4,BT3,off-break,2025-04-23 17:38:37.413309,0.48,2.235,1.008,6,False,False
D4,M79366,B4,BT3,off-break,2025-04-23 17:38:37.422371,0.477,2.236,1.221,7,False,False
D4,M79366,B4,BT3,off-break,2025-04-23 17:38:37.431434,0.45,2.241,1.416,8,False,False
D4,M79366,B4,BT3,off-break,2025-04-23 17:38:37.440496,0.428,2.236,1.61,9,False,False
D4,M79366,B4,BT3,off-break,2025-04-23 17:38:37.449559,0.413,2.242,1.818,10,False,False
D4,M79366,B4,BT3,off-break,2025-04-23 17:38:37.458621,0.402,2.245,2.019,11,False,False
D4,M79366,B4,BT3,off-break,2025-04-23 17:38:37.467683,0.378,2.24,2.235,12,False,False
D4,M79366,B4,BT3,off-break,2025-04-23 17:38:37.476746,0.368,2.244,2.423,13,False,False
D4,M79366,B4,BT3,off-break,2025-04-23 17:38:37.485808,0.349,2.234,2.628,14,False,False
D4,M79366,B4,BT3,off-break,2025-04-23 17:38:37.494870,0.323,2.233,2.831,15,False,False
D4,M79366,B4,BT3,off-break,2025-04-23 17:38:37.503933,0.322,2.237,3.029,16,False,False
D4,M79366,B4,BT3,off-break,2025-04-23 17:38:37.512995,0.298,2.232,3.246,17,False,False
D4,M79366,B4,BT3,off-break,2025-04-23 17:38:37.522058,0.275,2.228,3.434,18,False,False
D4,M79366,B4,BT3,off-break,2025-04-23 17:38:37.531120,0.262,2.228,3.646,19,False,False
D4,M79366,B4,BT3,off-break,2025-04-23 17:38:37.540182,0.244,2.21,3.842,20,False,False
D4,M79366,B4,BT3,off-break,2025-04-23 17:38:37.549245,0.216,2.22,4.042,21,False,False
D4,M79366,B4,BT3,off-break,2025-04-23 17:38:37.558307,0.209,2.206,4.249,22,False,False
D4,M79366,B4,BT3,off-break,2025-04-23 17:38:37.567370,0.193,2.197,4.444,23,False,False
D4,M79366,B4,BT3,off-break,2025-04-23 17:38:37.576432,0.176,2.192,4.658,24,False,False
D4,M79366,B4,BT3,off-break,2025-04-23 17:38:37.585494,0.148,2.175,4.865,25,False,False
D4,M79366,B4,BT3,off-break,2025-04-23 17:38:37.594557,0.133,2.173,5.067,26,False,False
D4,M79366,B4,BT3,off-break,2025-04-23 17:38:37.603619,0.124,2.158,5.258,27,False,False
D4,M79366,B4,BT3,off-break,2025-04-23 17:38:37.612682,0.1,2.139,5.462,28,False,False
D4,M79366,B4,BT3,off-break,2025-04-23 17:38:37.621744,0.089,2.135,5.656,29,False,False
D4,M79366,B4,BT3,off-break,2025-04-23 17:38:37.630806,0.07,2.123,5.866,30,False,False
D4,M79366,B4,BT3,off-break,2025-04-23 17:38:37.639869,0.041,2.103,6.061,31,False,False
D4,M79366,B4,BT3,off-break,2025-04-23 17:38:37.648931,0.032,2.075,6.269,32,False,False
D4,M79366,B4,BT3,off-break,2025-04-23 17:38:37.657994,0.008,2.061,6.477,33,False,False
D4,M79366,B4,BT3,off-break,2025-04-23 17:38:37.667056,-0.01,2.042,6.682,34,False,False
D4,M79366,B4,BT3,off-break,2025-04-23 17:38:37.676118,-0.036,2.025,6.888,35,False,False
D4,M79366,B4,BT3,off-break,2025-04-23 17:38:37.685181,-0.055,2.014,7.081,36,False,False
D4,M79366,B4,BT3,off-break,2025-04-23 17:38:37.694243,-0.072,1.986,7.285,37,False,False
D4,M79366,B4,BT3,off-break,2025-04-23 17:38:37.703306,-0.081,1.965,7.489,38,False,False
D4,M79366,B4,BT3,off-break,2025-04-23 17:38:37.712368,-0.112,1.948,7.683,39,False,False
D4,M79366,B4,BT3,off-break,2025-04-23 17:38:37.721430,-0.135,1.933,7.899,40,False,False
D4,M79366,B4,BT3,off-break,2025-04-23 17:38:37.730493,-0.149,1.898,8.092,41,False,False
D4,M79366,B4,BT3,off-break,2025-04-23 17:38:37.739555,-0.154,1.874,8.306,42,False,False
D4,M79366,B4,BT3,off-break,2025-04-23 17:38:37.748617,-0.177,1.862,8.494,43,False,False
D4,M79366,B4,BT3,off-break,2025-04-23 17:38:37.757680,-0.201,1.834,8.699,44,False,False
D4,M79366,B4,BT3,off-break,2025-04-23 17:38:37.766742,-0.223,1.804,8.907,45,False,False
D4,M79366,B4,BT3,off-break,2025-04-23 17:38:37.775805,-0.236,1.791,9.11,46,False,False
D4,M79366,B4,BT3,off-break,2025-04-23 17:38:37.784867,-0.254,1.762,9.316,47,False,False
D4,M79366,B4,BT3,off-break,2025-04-23 17:38:37.793929,-0.274,1.721,9.507,48,False,False
D4,M79366,B4,BT3,off-break,2025-04-23 17:38:37.802992,-0.293,1.701,9.709,49,False,False
D4,M79366,B4,BT3,off-break,2025-04-23 17:38:37.812054,-0.303,1.674,9.914,50,False,False
D4,M79366,B4,BT3,off-break,2025-04-23 17:38:37.821117,-0.333,1.632,10.127,51,False,False
D4,M79366,B4,BT3,off-break,2025-04-23 17:38:37.830179,-0.352,1.598,10.321,52,False,False
D4,M79366,B4,BT3,off-break,2025-04-23 17:38:37.839241,-0.368,1.577,10.53,53,False,False
D4,M79366,B4,BT3,off-break,2025-04-23 17:38:37.848304,-0.393,1.527,10.732,54,False,False
D4,M79366,B4,BT3,off-break,2025-04-23 17:38:37.857366,-0.409,1.496,10.926,55,False,False
D4,M79366,B4,BT3,off-break,2025-04-23 17:38:37.866429,-0.427,1.465,11.128,56,False,False
D4,M79366,B4,BT3,off-break,2025-04-23 17:38:37.875491,-0.442,1.423,11.325,57,False,False
D4,M79366,B4,BT3,off-break,2025-04-23 17:38:37.884553,-0.449,1.4,11.537,58,False,False
D4,M79366,B4,BT3,off-break,2025-04-23 17:38:37.893616,-0.481,1.355,11.742,59,False,False
D4,M79366,B4,BT3,off-break,2025-04-23 17:38:37.902678,-0.489,1.316,11.928,60,False,False
D4,M79366,B4,BT3,off-break,2025-04-23 17:38:37.911741,-0.507,1.287,12.133,61,False,False
D4,M79366,B4,BT3,off-break,2025-04-23 17:38:37.920803,-0.529,1.249,12.347,62,False,False
D4,M79366,B4,BT3,off-break,2025-04-23 17:38:37.929865,-0.538,1.205,12.553,63,False,False
D4,M79366,B4,BT3,off-break,2025-04-23 17:38:37.938928,-0.566,1.158,12.75,64,False,False
D4,M79366,B4,BT3,off-break,2025-04-23 17:38:37.947990,-0.567,1.111,12.94,65,False,False
D4,M79366,B4,BT3,off-break,2025-04-23 17:38:37.957053,-0.586,1.08,13.155,66,False,False
D4,M79366,B4,BT3,off-break,2025-04-23 17:38:37.966115,-0.611,1.021,13.364,67,False,False
D4,M79366,B4,BT3,off-break,2025-04-23 17:38:37.975177,-0.621,0.993,13.559,68,False,False
D4,M79366,B4,BT3,off-break,2025-04-23 17:38:37.984240,-0.645,0.937,13.763,69,False,False
D4,M79366,B4,BT3,off-break,2025-04-23 17:38:37.993302,-0.646,0.903,13.967,70,False,False
D4,M79366,B4,BT3,off-break,2025-04-23 17:38:38.002364,-0.674,0.844,14.155,71,False,False
D4,M79366,B4,BT3,off-break,2025-04-23 17:38:38.011427,-0.682,0.796,14.375,72,False,False
D4,M79366,B4,BT3,off-break,2025-04-23 17:38:38.020489,-0.703,0.748,14.569,73,False,False
D4,M79366,B4,BT3,off-break,2025-04-23 17:38:38.029552,-0.717,0.699,14.772,74,False,False
D4,M79366,B4,BT3,off-break,2025-04-23 17:38:38.038614,-0.736,0.645,14.976,75,False,False
D4,M79366,B4,BT3,off-break,2025-04-23 17:38:38.047676,-0.743,0.606,15.181,76,False,False
D4,M79366,B4,BT3,off-break,2025-04-23 17:38:38.056739,-0.765,0.542,15.379,77,False,False
D4,M79366,B4,BT3,off-break,2025-04-23 17:38:38.065801,-0.772,0.491,15.583,78,False,False
D4,M79366,B4,BT3,off-break,2025-04-23 17:38:38.074864,-0.786,0.435,15.788,79,False,False
D4,M79366,B4,BT3,off-break,2025-04-23 17:38:38.083926,-0.811,0.396,15.977,80,False,False
D4,M79366,B4,BT3,off-break,2025-04-23 17:38:38.092988,-0.806,0.326,16.191,81,False,False
D4,M79366,B4,BT3,off-break,2025-04-23 17:38:38.102051,-0.824,0.275,16.393,82,False,False
D4,M79366,B4,BT3,off-break,2025-04-23 17:38:38.111113,-0.853,0.229,16.594,83,False,False
D4,M79366,B4,BT3,off-break,2025-04-23 17:38:38.120176,-0.852,0.165,16.801,84,False,False
D4,M79366,B4,BT3,off-break,2025-04-23 17:38:38.129238,-0.885,0.098,16.99,85,False,False
D4,M79366,B4,BT3,off-break,2025-04-23 17:38:38.138300,-0.884,0.026,17.206,86,False,False
D4,M79366,B4,BT3,off-break,2025-04-23 17:38:38.147363,-0.909,0.021,17.406,87,False,False
D4,M79366,B4,BT3,off-break,2025-04-23 17:38:38.156425,-0.922,0.043,17.607,88,False,False
D4,M79366,B4,BT3,off-break,2025-04-23 17:38:38.165488,-0.93,0.088,17.807,89,False,False
D4,M79366,B4,BT3,off-break,2025-04-23 17:38:38.174550,-0.953,0.126,18.013,90,False,False
D4,M79366,B4,BT3,off-break,2025-04-23 17:38:38.183612,-0.964,0.149,18.205,91,False,False
D4,M79366,B4,BT3,off-break,2025-04-23 17:38:38.192675,-0.98,0.188,18.403,92,False,False
D4,M79366,B4,BT3,off-break,2025-04-23 17:38:38.201737,-1.002,0.232,18.616,93,False,False
D4,M79366,B4,BT3,off-break,2025-04-23 17:38:38.210800,-1.002,0.003,18.809,94,False,False
D4,M79366,B4,BT3,off-break,2025-04-23 17:38:38.219862,-1.036,0.013,19.011,95,True,False
D4,M79366,B4,BT3,off-break,2025-04-23 17:38:38.228924,-1.034,0.019,19.215,96,True,False
D4,M79366,B4,BT3,off-break,2025-04-23 17:38:38.237987,-1.056,0.016,19.415,97,True,False
D4,M79366,B4,BT3,off-break,2025-04-23 17:38:38.247049,-1.079,0.002,19.633,98,True,False
D4,M79366,B4,BT3,off-break,2025-04-23 17:38:38.256111,-1.094,0.005,19.822,99,True,False
D4,M79366,B4,BT3,off-break,2025-04-23 17:38:38.265174,-1.113,0.009,20.04,100,True,False
D5,M79366,B5,BT8,straight,2025-04-23 17:38:37.368406,-0.5,2.08,0.001,1,False,False
D5,M79366,B5,BT8,straight,2025-04-23 17:38:37.374055,-0.494,2.085,0.194,2,False,False
D5,M79366,B5,BT8,straight,2025-04-23 17:38:37.379705,-0.512,2.089,0.403,3,False,False
D5,M79366,B5,BT8,straight,2025-04-23 17:38:37.385354,-0.521,2.102,0.608,4,False,False
D5,M79366,B5,BT8,straight,2025-04-23 17:38:37.391004,-0.517,2.102,0.819,5,False,False
D5,M79366,B5,BT8,straight,2025-04-23 17:38:37.396653,-0.531,2.112,1.018,6,False,False
D5,M79366,B5,BT8,straight,2025-04-23 17:38:37.402303,-0.535,2.112,1.211,7,False,False
D5,M79366,B5,BT8,straight,2025-04-23 17:38:37.407952,-0.541,2.123,1.418,8,False,False
D5,M79366,B5,BT8,straight,2025-04-23 17:38:37.413602,-0.563,2.134,1.626,9,False,False
D5,M79366,B5,BT8,straight,2025-04-23 17:38:37.419251,-0.56,2.143,1.826,10,False,False
D5,M79366,B5,BT8,straight,2025-04-23 17:38:37.424900,-0.577,2.146,2.032,11,False,False
D5,M79366,B5,BT8,straight,2025-04-23 17:38:37.430550,-0.587,2.143,2.229,12,False,False
D5,M79366,B5,BT8,straight,2025-04-23 17:38:37.436199,-0.586,2.149,2.429,13,False,False
D5,M79366,B5,BT8,straight,2025-04-23 17:38:37.441849,-0.603,2.141,2.633,14,False,False
D5,M79366,B5,BT8,straight,2025-04-23 17:38:37.447498,-0.603,2.141,2.833,15,False,False
D5,M79366,B5,BT8,straight,2025-04-23 17:38:37.453148,-0.617,2.157,3.053,16,False,False
D5,M79366,B5,BT8,straight,2025-04-23 17:38:37.458797,-0.624,2.149,3.256,17,False,False
D5,M79366,B5,BT8,straight,2025-04-23 17:38:37.464447,-0.621,2.148,3.442,18,False,False
D5,M79366,B5,BT8,straight,2025-04-23 17:38:37.470096,-0.644,2.159,3.661,19,False,False
D5,M79366,B5,BT8,straight,2025-04-23 17:38:37.475745,-0.653,2.159,3.857,20,False,False
D5,M79366,B5,BT8,straight,2025-04-23 17:38:37.481395,-0.654,2.165,4.064,21,False,False
D5,M79366,B5,BT8,straight,2025-04-23 17:38:37.487044,-0.672,2.168,4.256,22,False,False
D5,M79366,B5,BT8,straight,2025-04-23 17:38:37.492694,-0.682,2.167,4.463,23,False,False
D5,M79366,B5,BT8,straight,2025-04-23 17:38:37.498343,-0.684,2.164,4.677,24,False,False
D5,M79366,B5,BT8,straight,2025-04-23 17:38:37.503993,-0.682,2.15,4.868,25,False,False
D5,M79366,B5,BT8,straight,2025-04-23 17:38:37.509642,-0.708,2.15,5.072,26,False,False
D5,M79366,B5,BT8,straight,2025-04-23 17:38:37.515292,-0.714,2.153,5.275,27,False,False
D5,M79366,B5,BT8,straight,2025-04-23 17:38:37.520941,-0.723,2.151,5.475,28,False,False
D5,M79366,B5,BT8,straight,2025-04-23 17:38:37.526591,-0.726,2.157,5.685,29,False,False
D5,M79366,B5,BT8,straight,2025-04-23 17:38:37.532240,-0.75,2.141,5.885,30,False,False
D5,M79366,B5,BT8,straight,2025-04-23 17:38:37.537889,-0.748,2.15,6.089,31,False,False
D5,M79366,B5,BT8,straight,2025-04-23 17:38:37.543539,-0.751,2.154,6.284,32,False,False
D5,M79366,B5,BT8,straight,2025-04-23 17:38:37.549188,-0.763,2.144,6.505,33,False,False
D5,M79366,B5,BT8,straight,2025-04-23 17:38:37.554838,-0.787,2.144,6.695,34,False,False
D5,M79366,B5,BT8,straight,2025-04-23 17:38:37.560487,-0.795,2.142,6.907,35,False,False
D5,M79366,B5,BT8,straight,2025-04-23 17:38:37.566137,-0.807,2.128,7.114,36,False,False
D5,M79366,B5,BT8,straight,2025-04-23 17:38:37.571786,-0.802,2.134,7.303,37,False,False
D5,M79366,B5,BT8,straight,2025-04-23 17:38:37.577436,-0.826,2.119,7.506,38,False,False
D5,M79366,B5,BT8,straight,2025-04-23 17:38:37.583085,-0.839,2.112,7.704,39,False,False
D5,M79366,B5,BT8,straight,2025-04-23 17:38:37.588734,-0.85,2.105,7.924,40,False,False
D5,M79366,B5,BT8,straight,2025-04-23 17:38:37.594384,-0.859,2.103,8.117,41,False,False
D5,M79366,B5,BT8,straight,2025-04-23 17:38:37.600033,-0.869,2.101,8.325,42,False,False
D5,M79366,B5,BT8,straight,2025-04-23 17:38:37.605683,-0.885,2.088,8.528,43,False,False
D5,M79366,B5,BT8,straight,2025-04-23 17:38:37.611332,-0.889,2.078,8.724,44,False,False
D5,M79366,B5,BT8,straight,2025-04-23 17:38:37.616982,-0.901,2.082,8.923,45,False,False
D5,M79366,B5,BT8,straight,2025-04-23 17:38:37.622631,-0.897,2.075,9.131,46,False,False
D5,M79366,B5,BT8,straight,2025-04-23 17:38:37.628281,-0.918,2.074,9.337,47,False,False
D5,M79366,B5,BT8,straight,2025-04-23 17:38:37.633930,-0.921,2.061,9.546,48,False,False
D5,M79366,B5,BT8,straight,2025-04-23 17:38:37.639579,-0.938,2.049,9.737,49,False,False
D5,M79366,B5,BT8,straight,2025-04-23 17:38:37.645229,-0.952,2.037,9.946,50,False,False
D5,M79366,B5,BT8,straight,2025-04-23 17:38:37.650878,-0.951,2.037,10.155,51,False,False
D5,M79366,B5,BT8,straight,2025-04-23 17:38:37.656528,-0.974,2.023,10.344,52,False,False
D5,M79366,B5,BT8,straight,2025-04-23 17:38:37.662177,-0.983,2.018,10.563,53,False,False
D5,M79366,B5,BT8,straight,2025-04-23 17:38:37.667827,-0.989,1.998,10.764,54,False,False
D5,M79366,B5,BT8,straight,2025-04-23 17:38:37.673476,-0.989,1.991,10.969,55,False,False
D5,M79366,B5,BT8,straight,2025-04-23 17:38:37.679126,-1.004,1.99,11.161,56,False,False
D5,M79366,B5,BT8,straight,2025-04-23 17:38:37.684775,-1.008,1.98,11.367,57,False,False
D5,M79366,B5,BT8,straight,2025-04-23 17:38:37.690424,-1.021,1.956,11.579,58,False,False
D5,M79366,B5,BT8,straight,2025-04-23 17:38:37.696074,-1.038,1.956,11.774,59,False,False
D5,M79366,B5,BT8,straight,2025-04-23 17:38:37.701723,-1.042,1.939,11.98,60,False,False
D5,M79366,B5,BT8,straight,2025-04-23 17:38:37.707373,-1.05,1.922,12.17,61,False,False
D5,M79366,B5,BT8,straight,2025-04-23 17:38:37.713022,-1.057,1.918,12.389,62,False,False
D5,M79366,B5,BT8,straight,2025-04-23 17:38:37.718672,-1.054,1.898,12.582,63,False,False
D5,M79366,B5,BT8,straight,2025-04-23 17:38:37.724321,-1.072,1.899,12.792,64,False,False
D5,M79366,B5,BT8,straight,2025-04-23 17:38:37.729971,-1.077,1.871,12.982,65,False,False
D5,M79366,B5,BT8,straight,2025-04-23 17:38:37.735620,-1.08,1.859,13.196,66,False,False
D5,M79366,B5,BT8,straight,2025-04-23 17:38:37.741269,-1.083,1.86,13.387,67,False,False
D5,M79366,B5,BT8,straight,2025-04-23 17:38:37.746919,-1.092,1.84,13.59,68,False,False
D5,M79366,B5,BT8,straight,2025-04-23 17:38:37.752568,-1.1,1.815,13.792,69,False,False
D5,M79366,B5,BT8,straight,2025-04-23 17:38:37.758218,-1.093,1.805,14.014,70,False,False
D5,M79366,B5,BT8,straight,2025-04-23 17:38:37.763867,-1.105,1.798,14.205,71,False,False
D5,M79366,B5,BT8,straight,2025-04-23 17:38:37.769517,-1.122,1.78,14.405,72,False,False
D5,M79366,B5,BT8,straight,2025-04-23 17:38:37.775166,-1.113,1.766,14.611,73,False,False
D5,M79366,B5,BT8,straight,2025-04-23 17:38:37.780816,-1.12,1.74,14.812,74,False,False
D5,M79366,B5,BT8,straight,2025-04-23 17:38:37.786465,-1.136,1.734,15.028,75,False,False
D5,M79366,B5,BT8,straight,2025-04-23 17:38:37.792115,-1.129,1.715,15.218,76,False,False
D5,M79366,B5,BT8,straight,2025-04-23 17:38:37.797764,-1.145,1.702,15.426,77,False,False
D5,M79366,B5,BT8,straight,2025-04-23 17:38:37.803413,-1.15,1.676,15.626,78,False,False
D5,M79366,B5,BT8,straight,2025-04-23 17:38:37.809063,-1.141,1.669,15.828,79,False,False
D5,M79366,B5,BT8,straight,2025-04-23 17:38:37.814712,-1.144,1.646,16.04,80,False,False
D5,M79366,B5,BT8,straight,2025-04-23 17:38:37.820362,-1.156,1.632,16.23,81,False,False
D5,M79366,B5,BT8,straight,2025-04-23 17:38:37.826011,-1.165,1.599,16.438,82,False,False
D5,M79366,B5,BT8,straight,2025-04-23 17:38:37.831661,-1.162,1.599,16.645,83,False,False
D5,M79366,B5,BT8,straight,2025-04-23 17:38:37.837310,-1.165,1.563,16.842,84,False,False
D5,M79366,B5,BT8,straight,2025-04-23 17:38:37.842960,-1.17,1.543,17.057,85,False,False
D5,M79366,B5,BT8,straight,2025-04-23 17:38:37.848609,-1.169,1.536,17.251,86,False,False
D5,M79366,B5,BT8,straight,2025-04-23 17:38:37.854258,-1.182,1.521,17.463,87,False,False
D5,M79366,B5,BT8,straight,2025-04-23 17:38:37.859908,-1.18,1.496,17.666,88,False,False
D5,M79366,B5,BT8,straight,2025-04-23 17:38:37.865557,-1.19,1.461,17.869,89,False,False
D5,M79366,B5,BT8,straight,2025-04-23 17:38:37.871207,-1.191,1.453,18.057,90,False,False
D5,M79366,B5,BT8,straight,2025-04-23 17:38:37.876856,-1.197,1.434,18.275,91,False,False
D5,M79366,B5,BT8,straight,2025-04-23 17:38:37.882506,-1.211,1.409,18.477,92,False,False
D5,M79366,B5,BT8,straight,2025-04-23 17:38:37.888155,-1.211,1.379,18.677,93,False,False
D5,M79366,B5,BT8,straight,2025-04-23 17:38:37.893805,-1.226,1.372,18.883,94,True,False
D5,M79366,B5,BT8,straight,2025-04-23 17:38:37.899454,-1.232,1.345,19.079,95,True,False
D5,M79366,B5,BT8,straight,2025-04-23 17:38:37.905103,-1.237,1.312,19.289,96,True,False
D5,M79366,B5,BT8,straight,2025-04-23 17:38:37.910753,-1.228,1.304,19.493,97,True,False
D5,M79366,B5,BT8,straight,2025-04-23 17:38:37.916402,-1.249,1.267,19.679,98,True,False
D5,M79366,B5,BT8,straight,2025-04-23 17:38:37.922052,-1.247,1.241,19.885,99,True,False
D5,M79366,B5,BT8,straight,2025-04-23 17:38:37.927701,-1.258,1.222,20.089,100,True,False
D6,M79366,B5,BT4,slower-ball,2025-04-23 17:38:37.368808,0.448,2.043,-0.005,1,False,False
D6,M79366,B5,BT4,slower-ball,2025-04-23 17:38:37.375305,0.44,2.046,0.201,2,False,False
D6,M79366,B5,BT4,slower-ball,2025-04-23 17:38:37.381802,0.424,2.05,0.412,3,False,False
D6,M79366,B5,BT4,slower-ball,2025-04-23 17:38:37.388299,0.399,2.031,0.604,4,False,False
D6,M79366,B5,BT4,slower-ball,2025-04-23 17:38:37.394796,0.376,2.033,0.803,5,False,False
D6,M79366,B5,BT4,slower-ball,2025-04-23 17:38:37.401293,0.369,2.023,1.02,6,False,False
D6,M79366,B5,BT4,slower-ball,2025-04-23 17:38:37.407790,0.356,2.034,1.225,7,False,False
D6,M79366,B5,BT4,slower-ball,2025-04-23 17:38:37.414287,0.345,2.025,1.427,8,False,False
D6,M79366,B5,BT4,slower-ball,2025-04-23 17:38:37.420784,0.315,2.02,1.622,9,False,False
D6,M79366,B5,BT4,slower-ball,2025-04-23 17:38:37.427281,0.301,2.015,1.832,10,False,False
D6,M79366,B5,BT4,slower-ball,2025-04-23 17:38:37.433777,0.29,2.012,2.029,11,False,False
D6,M79366,B5,BT4,slower-ball,2025-04-23 17:38:37.440274,0.276,2.007,2.239,12,False,False
D6,M79366,B5,BT4,slower-ball,2025-04-23 17:38:37.446771,0.249,1.996,2.44,13,False,False
D6,M79366,B5,BT4,slower-ball,2025-04-23 17:38:37.453268,0.23,1.993,2.626,14,False,False
D6,M79366,B5,BT4,slower-ball,2025-04-23 17:38:37.459765,0.225,1.974,2.847,15,False,False
D6,M79366,B5,BT4,slower-ball,2025-04-23 17:38:37.466262,0.203,1.976,3.041,16,False,False
D6,M79366,B5,BT4,slower-ball,2025-04-23 17:38:37.472759,0.192,1.963,3.24,17,False,False
D6,M79366,B5,BT4,slower-ball,2025-04-23 17:38:37.479256,0.167,1.96,3.437,18,False,False
D6,M79366,B5,BT4,slower-ball,2025-04-23 17:38:37.485753,0.138,1.954,3.653,19,False,False
D6,M79366,B5,BT4,slower-ball,2025-04-23 17:38:37.492250,0.134,1.936,3.842,20,False,False
D6,M79366,B5,BT4,slower-ball,2025-04-23 17:38:37.498747,0.099,1.926,4.06,21,False,False
D6,M79366,B5,BT4,slower-ball,2025-04-23 17:38:37.505244,0.088,1.908,4.266,22,False,False
D6,M79366,B5,BT4,slower-ball,2025-04-23 17:38:37.511741,0.075,1.914,4.462,23,False,False
D6,M79366,B5,BT4,slower-ball,2025-04-23 17:38:37.518238,0.05,1.886,4.665,24,False,False
D6,M79366,B5,BT4,slower-ball,2025-04-23 17:38:37.524735,0.024,1.874,4.864,25,False,False
D6,M79366,B5,BT4,slower-ball,2025-04-23 17:38:37.531232,-0.002,1.868,5.061,26,False,False
D6,M79366,B5,BT4,slower-ball,2025-04-23 17:38:37.537729,-0.02,1.858,5.272,27,False,False
D6,M79366,B5,BT4,slower-ball,2025-04-23 17:38:37.544226,-0.042,1.846,5.48,28,False,False
D6,M79366,B5,BT4,slower-ball,2025-04-23 17:38:37.550723,-0.072,1.836,5.667,29,False,False
D6,M79366,B5,BT4,slower-ball,2025-04-23 17:38:37.557219,-0.087,1.82,5.884,30,False,False
D6,M79366,B5,BT4,slower-ball,2025-04-23 17:38:37.563716,-0.11,1.799,6.09,31,False,False
D6,M79366,B5,BT4,slower-ball,2025-04-23 17:38:37.570213,-0.126,1.794,6.28,32,False,False
D6,M79366,B5,BT4,slower-ball,2025-04-23 17:38:37.576710,-0.151,1.777,6.478,33,False,False
D6,M79366,B5,BT4,slower-ball,2025-04-23 17:38:37.583207,-0.182,1.763,6.68,34,False,False
D6,M79366,B5,BT4,slower-ball,2025-04-23 17:38:37.589704,-0.211,1.748,6.888,35,False,False
D6,M79366,B5,BT4,slower-ball,2025-04-23 17:38:37.596201,-0.24,1.728,7.094,36,False,False
D6,M79366,B5,BT4,slower-ball,2025-04-23 17:38:37.602698,-0.266,1.718,7.304,37,False,False
D6,M79366,B5,BT4,slower-ball,2025-04-23 17:38:37.609195,-0.281,1.69,7.493,38,False,False
D6,M79366,B5,BT4,slower-ball,2025-04-23 17:38:37.615692,-0.307,1.673,7.711,39,False,False
D6,M79366,B5,BT4,slower-ball,2025-04-23 17:38:37.622189,-0.343,1.664,7.901,40,False,False
D6,M79366,B5,BT4,slower-ball,2025-04-23 17:38:37.628686,-0.36,1.648,8.105,41,False,False
D6,M79366,B5,BT4,slower-ball,2025-04-23 17:38:37.635183,-0.386,1.616,8.317,42,False,False
D6,M79366,B5,BT4,slower-ball,2025-04-23 17:38:37.641680,-0.402,1.599,8.507,43,False,False
D6,M79366,B5,BT4,slower-ball,2025-04-23 17:38:37.648177,-0.443,1.59,8.721,44,False,False
D6,M79366,B5,BT4,slower-ball,2025-04-23 17:38:37.654674,-0.452,1.564,8.915,45,False,False
D6,M79366,B5,BT4,slower-ball,2025-04-23 17:38:37.661171,-0.477,1.546,9.124,46,False,False
D6,M79366,B5,BT4,slower-ball,2025-04-23 17:38:37.667668,-0.506,1.521,9.325,47,False,False
D6,M79366,B5,BT4,slower-ball,2025-04-23 17:38:37.674165,-0.54,1.499,9.535,48,False,False
D6,M79366,B5,BT4,slower-ball,2025-04-23 17:38:37.680661,-0.552,1.47,9.721,49,False,False
D6,M79366,B5,BT4,slower-ball,2025-04-23 17:38:37.687158,-0.583,1.45,9.938,50,False,False
D6,M79366,B5,BT4,slower-ball,2025-04-23 17:38:37.693655,-0.611,1.44,10.131,51,False,False
D6,M79366,B5,BT4,slower-ball,2025-04-23 17:38:37.700152,-0.621,1.413,10.339,52,False,False
D6,M79366,B5,BT4,slower-ball,2025-04-23 17:38:37.706649,-0.653,1.387,10.536,53,False,False
D6,M79366,B5,BT4,slower-ball,2025-04-23 17:38:37.713146,-0.666,1.364,10.737,54,False,False
D6,M79366,B5,BT4,slower-ball,2025-04-23 17:38:37.719643,-0.694,1.35,10.946,55,False,False
D6,M79366,B5,BT4,slower-ball,2025-04-23 17:38:37.726140,-0.716,1.308,11.153,56,False,False
D6,M79366,B5,BT4,slower-ball,2025-04-23 17:38:37.732637,-0.721,1.296,11.354,57,False,False
D6,M79366,B5,BT4,slower-ball,2025-04-23 17:38:37.739134,-0.736,1.262,11.562,58,False,False
D6,M79366,B5,BT4,slower-ball,2025-04-23 17:38:37.745631,-0.767,1.236,11.747,59,False,False
D6,M79366,B5,BT4,slower-ball,2025-04-23 17:38:37.752128,-0.777,1.207,11.952,60,False,False
D6,M79366,B5,BT4,slower-ball,2025-04-23 17:38:37.758625,-0.788,1.181,12.155,61,False,False
D6,M79366,B5,BT4,slower-ball,2025-04-23 17:38:37.765122,-0.796,1.171,12.363,62,False,False
D6,M79366,B5,BT4,slower-ball,2025-04-23 17:38:37.771619,-0.823,1.133,12.574,63,False,False
D6,M79366,B5,BT4,slower-ball,2025-04-23 17:38:37.778116,-0.829,1.107,12.776,64,False,False
D6,M79366,B5,BT4,slower-ball,2025-04-23 17:38:37.784613,-0.846,1.071,12.968,65,False,False
D6,M79366,B5,BT4,slower-ball,2025-04-23 17:38:37.791110,-0.856,1.049,13.175,66,False,False
D6,M79366,B5,BT4,slower-ball,2025-04-23 17:38:37.797606,-0.866,1.028,13.378,67,False,False
D6,M79366,B5,BT4,slower-ball,2025-04-23 17:38:37.804103,-0.877,0.981,13.579,68,False,False
D6,M79366,B5,BT4,slower-ball,2025-04-23 17:38:37.810600,-0.882,0.969,13.786,69,False,False
D6,M79366,B5,BT4,slower-ball,2025-04-23 17:38:37.817097,-0.877,0.923,13.979,70,False,False
D6,M79366,B5,BT4,slower-ball,2025-04-23 17:38:37.823594,-0.897,0.893,14.188,71,False,False
D6,M79366,B5,BT4,slower-ball,2025-04-23 17:38:37.830091,-0.89,0.871,14.392,72,False,False
D6,M79366,B5,BT4,slower-ball,2025-04-23 17:38:37.836588,-0.901,0.844,14.601,73,False,False
D6,M79366,B5,BT4,slower-ball,2025-04-23 17:38:37.843085,-0.908,0.804,14.805,74,False,False
D6,M79366,B5,BT4,slower-ball,2025-04-23 17:38:37.849582,-0.92,0.775,15.006,75,False,False
D6,M79366,B5,BT4,slower-ball,2025-04-23 17:38:37.856079,-0.928,0.749,15.201,76,False,False
D6,M79366,B5,BT4,slower-ball,2025-04-23 17:38:37.862576,-0.928,0.71,15.402,77,False,False
D6,M79366,B5,BT4,slower-ball,2025-04-23 17:38:37.869073,-0.924,0.677,15.61,78,False,False
D6,M79366,B5,BT4,slower-ball,2025-04-23 17:38:37.875570,-0.937,0.635,15.813,79,False,False
D6,M79366,B5,BT4,slower-ball,2025-04-23 17:38:37.882067,-0.934,0.61,16.01,80,False,False
D6,M79366,B5,BT4,slower-ball,2025-04-23 17:38:37.888564,-0.944,0.573,16.223,81,False,False
D6,M79366,B5,BT4,slower-ball,2025-04-23 17:38:37.895061,-0.943,0.533,16.419,82,False,False
D6,M79366,B5,BT4,slower-ball,2025-04-23 17:38:37.901558,-0.953,0.507,16.62,83,False,False
D6,M79366,B5,BT4,slower-ball,2025-04-23 17:38:37.908055,-0.956,0.469,16.826,84,False,False
D6,M79366,B5,BT4,slower-ball,2025-04-23 17:38:37.914552,-0.947,0.419,17.018,85,False,False
D6,M79366,B5,BT4,slower-ball,2025-04-23 17:38:37.921048,-0.969,0.394,17.228,86,False,False
D6,M79366,B5,BT4,slower-ball,2025-04-23 17:38:37.927545,-0.971,0.361,17.429,87,False,False
D6,M79366,B5,BT4,slower-ball,2025-04-23 17:38:37.934042,-0.975,0.31,17.627,88,False,False
D6,M79366,B5,BT4,slower-ball,2025-04-23 17:38:37.940539,-0.976,0.283,17.832,89,False,False
D6,M79366,B5,BT4,slower-ball,2025-04-23 17:38:37.947036,-0.973,0.239,18.048,90,False,False
D6,M79366,B5,BT4,slower-ball,2025-04-23 17:38:37.953533,-0.979,0.207,18.233,91,False,False
D6,M79366,B5,BT4,slower-ball,2025-04-23 17:38:37.960030,-0.988,0.161,18.446,92,False,False
D6,M79366,B5,BT4,slower-ball,2025-04-23 17:38:37.966527,-1.005,0.116,18.645,93,True,False
D6,M79366,B5,BT4,slower-ball,2025-04-23 17:38:37.973024,-1.005,0.081,18.856,94,True,False
D6,M79366,B5,BT4,slower-ball,2025-04-23 17:38:37.979521,-1.018,0.032,19.047,95,True,False
D6,M79366,B5,BT4,slower-ball,2025-04-23 17:38:37.986018,-1.021,0.016,19.257,96,True,False
D6,M79366,B5,BT4,slower-ball,2025-04-23 17:38:37.992515,-1.036,0.012,19.465,97,True,False
D6,M79366,B5,BT4,slower-ball,2025-04-23 17:38:37.999012,-1.041,0.01,19.651,98,True,False
D6,M79366,B5,BT4,slower-ball,2025-04-23 17:38:38.005509,-1.054,0.006,19.862,99,True,False
D6,M79366,B5,BT4,slower-ball,2025-04-23 17:38:38.012006,-1.053,0.02,20.059,100,True,False
D7,M79366,B2,BT10,inswinger,2025-04-23 17:38:37.369244,0.537,2.175,-0.006,1,False,False
D7,M79366,B2,BT10,inswinger,2025-04-23 17:38:37.375243,0.533,2.166,0.207,2,False,False
D7,M79366,B2,BT10,inswinger,2025-04-23 17:38:37.381242,0.525,2.183,0.396,3,False,False
D7,M79366,B2,BT10,inswinger,2025-04-23 17:38:37.387241,0.523,2.187,0.601,4,False,False
D7,M79366,B2,BT10,inswinger,2025-04-23 17:38:37.393241,0.529,2.182,0.809,5,False,False
D7,M79366,B2,BT10,inswinger,2025-04-23 17:38:37.399240,0.514,2.189,1.024,6,False,False
D7,M79366,B2,BT10,inswinger,2025-04-23 17:38:37.405239,0.521,2.205,1.228,7,False,False
D7,M79366,B2,BT10,inswinger,2025-04-23 17:38:37.411238,0.519,2.212,1.422,8,False,False
D7,M79366,B2,BT10,inswinger,2025-04-23 17:38:37.417237,0.519,2.213,1.624,9,False,False
D7,M79366,B2,BT10,inswinger,2025-04-23 17:38:37.423236,0.505,2.211,1.826,10,False,False
D7,M79366,B2,BT10,inswinger,2025-04-23 17:38:37.429235,0.522,2.225,2.026,11,False,False
D7,M79366,B2,BT10,inswinger,2025-04-23 17:38:37.435235,0.515,2.225,2.239,12,False,False
D7,M79366,B2,BT10,inswinger,2025-04-23 17:38:37.441234,0.52,2.231,2.431,13,False,False
D7,M79366,B2,BT10,inswinger,2025-04-23 17:38:37.447233,0.519,2.228,2.631,14,False,False
D7,M79366,B2,BT10,inswinger,2025-04-23 17:38:37.453232,0.511,2.236,2.844,15,False,False
D7,M79366,B2,BT10,inswinger,2025-04-23 17:38:37.459231,0.518,2.234,3.04,16,False,False
D7,M79366,B2,BT10,inswinger,2025-04-23 17:38:37.465230,0.532,2.238,3.242,17,False,False
D7,M79366,B2,BT10,inswinger,2025-04-23 17:38:37.471230,0.536,2.243,3.458,18,False,False
D7,M79366,B2,BT10,inswinger,2025-04-23 17:38:37.477229,0.528,2.233,3.648,19,False,False
D7,M79366,B2,BT10,inswinger,2025-04-23 17:38:37.483228,0.535,2.248,3.858,20,False,False
D7,M79366,B2,BT10,inswinger,2025-04-23 17:38:37.489227,0.541,2.243,4.058,21,False,False
D7,M79366,B2,BT10,inswinger,2025-04-23 17:38:37.495226,0.559,2.238,4.268,22,False,False
D7,M79366,B2,BT10,inswinger,2025-04-23 17:38:37.501225,0.571,2.246,4.458,23,False,False
D7,M79366,B2,BT10,inswinger,2025-04-23 17:38:37.507224,0.582,2.244,4.676,24,False,False
D7,M79366,B2,BT10,inswinger,2025-04-23 17:38:37.513224,0.583,2.243,4.867,25,False,False
D7,M79366,B2,BT10,inswinger,2025-04-23 17:38:37.519223,0.605,2.241,5.07,26,False,False
D7,M79366,B2,BT10,inswinger,2025-04-23 17:38:37.525222,0.603,2.229,5.273,27,False,False
D7,M79366,B2,BT10,inswinger,2025-04-23 17:38:37.531221,0.625,2.228,5.488,28,False,False
D7,M79366,B2,BT10,inswinger,2025-04-23 17:38:37.537220,0.631,2.224,5.68,29,False,False
D7,M79366,B2,BT10,inswinger,2025-04-23 17:38:37.543219,0.644,2.22,5.88,30,False,False
D7,M79366,B2,BT10,inswinger,2025-04-23 17:38:37.549218,0.669,2.226,6.091,31,False,False
D7,M79366,B2,BT10,inswinger,2025-04-23 17:38:37.555218,0.681,2.231,6.288,32,False,False
D7,M79366,B2,BT10,inswinger,2025-04-23 17:38:37.561217,0.714,2.214,6.49,33,False,False
D7,M79366,B2,BT10,inswinger,2025-04-23 17:38:37.567216,0.72,2.207,6.691,34,False,False
D7,M79366,B2,BT10,inswinger,2025-04-23 17:38:37.573215,0.753,2.201,6.894,35,False,False
D7,M79366,B2,BT10,inswinger,2025-04-23 17:38:37.579214,0.76,2.196,7.114,36,False,False
D7,M79366,B2,BT10,inswinger,2025-04-23 17:38:37.585213,0.791,2.207,7.318,37,False,False
D7,M79366,B2,BT10,inswinger,2025-04-23 17:38:37.591213,0.8,2.199,7.519,38,False,False
D7,M79366,B2,BT10,inswinger,2025-04-23 17:38:37.597212,0.827,2.188,7.721,39,False,False
D7,M79366,B2,BT10,inswinger,2025-04-23 17:38:37.603211,0.858,2.183,7.918,40,False,False
D7,M79366,B2,BT10,inswinger,2025-04-23 17:38:37.609210,0.874,2.185,8.128,41,False,False
D7,M79366,B2,BT10,inswinger,2025-04-23 17:38:37.615209,0.897,2.177,8.334,42,False,False
D7,M79366,B2,BT10,inswinger,2025-04-23 17:38:37.621208,0.922,2.158,8.537,43,False,False
D7,M79366,B2,BT10,inswinger,2025-04-23 17:38:37.627207,0.943,2.156,8.736,44,False,False
D7,M79366,B2,BT10,inswinger,2025-04-23 17:38:37.633207,0.948,2.137,8.942,45,False,False
D7,M79366,B2,BT10,inswinger,2025-04-23 17:38:37.639206,0.982,2.145,9.129,46,False,False
D7,M79366,B2,BT10,inswinger,2025-04-23 17:38:37.645205,0.999,2.136,9.334,47,False,False
D7,M79366,B2,BT10,inswinger,2025-04-23 17:38:37.651204,1.013,2.128,9.55,48,False,False
D7,M79366,B2,BT10,inswinger,2025-04-23 17:38:37.657203,1.023,2.113,9.74,49,False,False
D7,M79366,B2,BT10,inswinger,2025-04-23 17:38:37.663202,1.053,2.109,9.954,50,False,False
D7,M79366,B2,BT10,inswinger,2025-04-23 17:38:37.669201,1.059,2.089,10.158,51,False,False
D7,M79366,B2,BT10,inswinger,2025-04-23 17:38:37.675201,1.067,2.072,10.349,52,False,False
D7,M79366,B2,BT10,inswinger,2025-04-23 17:38:37.681200,1.096,2.065,10.56,53,False,False
D7,M79366,B2,BT10,inswinger,2025-04-23 17:38:37.687199,1.089,2.058,10.758,54,False,False
D7,M79366,B2,BT10,inswinger,2025-04-23 17:38:37.693198,1.098,2.043,10.957,55,False,False
D7,M79366,B2,BT10,inswinger,2025-04-23 17:38:37.699197,1.114,2.028,11.168,56,False,False
D7,M79366,B2,BT10,inswinger,2025-04-23 17:38:37.705196,1.114,2.031,11.367,57,False,False
D7,M79366,B2,BT10,inswinger,2025-04-23 17:38:37.711196,1.11,2.016,11.575,58,False,False
D7,M79366,B2,BT10,inswinger,2025-04-23 17:38:37.717195,1.123,1.988,11.786,59,False,False
D7,M79366,B2,BT10,inswinger,2025-04-23 17:38:37.723194,1.119,1.976,11.985,60,False,False
D7,M79366,B2,BT10,inswinger,2025-04-23 17:38:37.729193,1.118,1.974,12.18,61,False,False
D7,M79366,B2,BT10,inswinger,2025-04-23 17:38:37.735192,1.101,1.962,12.395,62,False,False
D7,M79366,B2,BT10,inswinger,2025-04-23 17:38:37.741191,1.101,1.937,12.596,63,False,False
D7,M79366,B2,BT10,inswinger,2025-04-23 17:38:37.747190,1.074,1.935,12.794,64,False,False
D7,M79366,B2,BT10,inswinger,2025-04-23 17:38:37.753190,1.077,1.908,12.996,65,False,False
D7,M79366,B2,BT10,inswinger,2025-04-23 17:38:37.759189,1.056,1.902,13.203,66,False,False
D7,M79366,B2,BT10,inswinger,2025-04-23 17:38:37.765188,1.036,1.879,13.397,67,False,False
D7,M79366,B2,BT10,inswinger,2025-04-23 17:38:37.771187,1.024,1.872,13.6,68,False,False
D7,M79366,B2,BT10,inswinger,2025-04-23 17:38:37.777186,0.991,1.851,13.805,69,False,False
D7,M79366,B2,BT10,inswinger,2025-04-23 17:38:37.783185,0.968,1.833,14.003,70,False,False
D7,M79366,B2,BT10,inswinger,2025-04-23 17:38:37.789184,0.948,1.813,14.223,71,False,False
D7,M79366,B2,BT10,inswinger,2025-04-23 17:38:37.795184,0.925,1.797,14.408,72,False,False
D7,M79366,B2,BT10,inswinger,2025-04-23 17:38:37.801183,0.894,1.785,14.617,73,False,False
D7,M79366,B2,BT10,inswinger,2025-04-23 17:38:37.807182,0.869,1.766,14.817,74,False,False
D7,M79366,B2,BT10,inswinger,2025-04-23 17:38:37.813181,0.849,1.738,15.019,75,False,False
D7,M79366,B2,BT10,inswinger,2025-04-23 17:38:37.819180,0.82,1.723,15.22,76,False,False
D7,M79366,B2,BT10,inswinger,2025-04-23 17:38:37.825179,0.773,1.698,15.441,77,False,False
D7,M79366,B2,BT10,inswinger,2025-04-23 17:38:37.831178,0.745,1.683,15.631,78,False,False
D7,M79366,B2,BT10,inswinger,2025-04-23 17:38:37.837178,0.722,1.665,15.837,79,False,False
D7,M79366,B2,BT10,inswinger,2025-04-23 17:38:37.843177,0.693,1.639,16.039,80,False,False
D7,M79366,B2,BT10,inswinger,2025-04-23 17:38:37.849176,0.666,1.627,16.254,81,False,False
D7,M79366,B2,BT10,inswinger,2025-04-23 17:38:37.855175,0.638,1.609,16.45,82,False,False
D7,M79366,B2,BT10,inswinger,2025-04-23 17:38:37.861174,0.606,1.586,16.647,83,False,False
D7,M79366,B2,BT10,inswinger,2025-04-23 17:38:37.867173,0.563,1.566,16.845,84,False,False
D7,M79366,B2,BT10,inswinger,2025-04-23 17:38:37.873173,0.533,1.531,17.061,85,False,False
D7,M79366,B2,BT10,inswinger,2025-04-23 17:38:37.879172,0.504,1.513,17.25,86,False,False
D7,M79366,B2,BT10,inswinger,2025-04-23 17:38:37.885171,0.472,1.48,17.462,87,False,False
D7,M79366,B2,BT10,inswinger,2025-04-23 17:38:37.891170,0.454,1.463,17.671,88,False,False
D7,M79366,B2,BT10,inswinger,2025-04-23 17:38:37.897169,0.42,1.435,17.874,89,False,False
D7,M79366,B2,BT10,inswinger,2025-04-23 17:38:37.903168,0.398,1.417,18.065,90,False,False
D7,M79366,B2,BT10,inswinger,2025-04-23 17:38:37.909167,0.376,1.393,18.27,91,False,False
D7,M79366,B2,BT10,inswinger,2025-04-23 17:38:37.915167,0.341,1.361,18.468,92,False,False
D7,M79366,B2,BT10,inswinger,2025-04-23 17:38:37.921166,0.332,1.339,18.675,93,True,False
D7,M79366,B2,BT10,inswinger,2025-04-23 17:38:37.927165,0.294,1.313,18.893,94,True,False
D7,M79366,B2,BT10,inswinger,2025-04-23 17:38:37.933164,0.279,1.302,19.091,95,True,False
D7,M79366,B2,BT10,inswinger,2025-04-23 17:38:37.939163,0.251,1.258,19.293,96,True,False
D7,M79366,B2,BT10,inswinger,2025-04-23 17:38:37.945162,0.235,1.234,19.498,97,True,False
D7,M79366,B2,BT10,inswinger,2025-04-23 17:38:37.951161,0.218,1.215,19.703,98,True,False
D7,M79366,B2,BT10,inswinger,2025-04-23 17:38:37.957161,0.203,1.188,19.897,99,True,False
D7,M79366,B2,BT10,inswinger,2025-04-23 17:38:37.963160,0.181,1.156,20.102,100,True,False
D8,M79366,B3,BT7,straight,2025-04-23 17:38:37.369655,0.531,2.112,0.0,1,False,False
D8,M79366,B3,BT7,straight,2025-04-23 17:38:37.375537,0.549,2.099,0.208,2,False,False
D8,M79366,B3,BT7,straight,2025-04-23 17:38:37.381419,0.549,2.088,0.411,3,False,False
D8,M79366,B3,BT7,straight,2025-04-23 17:38:37.387301,0.569,2.095,0.601,4,False,False
D8,M79366,B3,BT7,straight,2025-04-23 17:38:37.393182,0.586,2.08,0.815,5,False,False
D8,M79366,B3,BT7,straight,2025-04-23 17:38:37.399064,0.598,2.083,1.022,6,False,False
D8,M79366,B3,BT7,straight,2025-04-23 17:38:37.404946,0.605,2.068,1.214,7,False,False
D8,M79366,B3,BT7,straight,2025-04-23 17:38:37.410828,0.639,2.064,1.417,8,False,False
D8,M79366,B3,BT7,straight,2025-04-23 17:38:37.416710,0.64,2.049,1.622,9,False,False
D8,M79366,B3,BT7,straight,2025-04-23 17:38:37.422592,0.664,2.044,1.816,10,False,False
D8,M79366,B3,BT7,straight,2025-04-23 17:38:37.428473,0.674,2.035,2.02,11,False,False
D8,M79366,B3,BT7,straight,2025-04-23 17:38:37.434355,0.688,2.021,2.231,12,False,False
D8,M79366,B3,BT7,straight,2025-04-23 17:38:37.440237,0.711,2.012,2.423,13,False,False
D8,M79366,B3,BT7,straight,2025-04-23 17:38:37.446119,0.711,2.004,2.626,14,False,False
D8,M79366,B3,BT7,straight,2025-04-23 17:38:37.452001,0.737,1.998,2.837,15,False,False
D8,M79366,B3,BT7,straight,2025-04-23 17:38:37.457883,0.752,1.999,3.044,16,False,False
D8,M79366,B3,BT7,straight,2025-04-23 17:38:37.463765,0.764,1.978,3.241,17,False,False
D8,M79366,B3,BT7,straight,2025-04-23 17:38:37.469646,0.767,1.968,3.445,18,False,False
D8,M79366,B3,BT7,straight,2025-04-23 17:38:37.475528,0.797,1.956,3.652,19,False,False
D8,M79366,B3,BT7,straight,2025-04-23 17:38:37.481410,0.814,1.954,3.849,20,False,False
D8,M79366,B3,BT7,straight,2025-04-23 17:38:37.487292,0.816,1.926,4.046,21,False,False
D8,M79366,B3,BT7,straight,2025-04-23 17:38:37.493174,0.834,1.91,4.248,22,False,False
D8,M79366,B3,BT7,straight,2025-04-23 17:38:37.499056,0.842,1.905,4.456,23,False,False
D8,M79366,B3,BT7,straight,2025-04-23 17:38:37.504937,0.866,1.901,4.669,24,False,False
D8,M79366,B3,BT7,straight,2025-04-23 17:38:37.510819,0.883,1.889,4.856,25,False,False
D8,M79366,B3,BT7,straight,2025-04-23 17:38:37.516701,0.888,1.873,5.062,26,False,False
D8,M79366,B3,BT7,straight,2025-04-23 17:38:37.522583,0.903,1.845,5.271,27,False,False
D8,M79366,B3,BT7,straight,2025-04-23 17:38:37.528465,0.914,1.829,5.469,28,False,False
D8,M79366,B3,BT7,straight,2025-04-23 17:38:37.534347,0.94,1.821,5.67,29,False,False
D8,M79366,B3,BT7,straight,2025-04-23 17:38:37.540229,0.941,1.81,5.871,30,False,False
D8,M79366,B3,BT7,straight,2025-04-23 17:38:37.546110,0.959,1.798,6.076,31,False,False
D8,M79366,B3,BT7,straight,2025-04-23 17:38:37.551992,0.975,1.774,6.291,32,False,False
D8,M79366,B3,BT7,straight,2025-04-23 17:38:37.557874,0.986,1.753,6.481,33,False,False
D8,M79366,B3,BT7,straight,2025-04-23 17:38:37.563756,1.003,1.746,6.691,34,False,False
D8,M79366,B3,BT7,straight,2025-04-23 17:38:37.569638,1.03,1.734,6.89,35,False,False
D8,M79366,B3,BT7,straight,2025-04-23 17:38:37.575520,1.045,1.707,7.102,36,False,False
D8,M79366,B3,BT7,straight,2025-04-23 17:38:37.581401,1.042,1.7,7.303,37,False,False
D8,M79366,B3,BT7,straight,2025-04-23 17:38:37.587283,1.076,1.677,7.488,38,False,False
D8,M79366,B3,BT7,straight,2025-04-23 17:38:37.593165,1.076,1.649,7.708,39,False,False
D8,M79366,B3,BT7,straight,2025-04-23 17:38:37.599047,1.09,1.64,7.894,40,False,False
D8,M79366,B3,BT7,straight,2025-04-23 17:38:37.604929,1.114,1.616,8.109,41,False,False
D8,M79366,B3,BT7,straight,2025-04-23 17:38:37.610811,1.122,1.601,8.313,42,False,False
D8,M79366,B3,BT7,straight,2025-04-23 17:38:37.616693,1.14,1.59,8.504,43,False,False
D8,M79366,B3,BT7,straight,2025-04-23 17:38:37.622574,1.162,1.552,8.719,44,False,False
D8,M79366,B3,BT7,straight,2025-04-23 17:38:37.628456,1.162,1.545,8.921,45,False,False
D8,M79366,B3,BT7,straight,2025-04-23 17:38:37.634338,1.193,1.523,9.123,46,False,False
D8,M79366,B3,BT7,straight,2025-04-23 17:38:37.640220,1.204,1.51,9.327,47,False,False
D8,M79366,B3,BT7,straight,2025-04-23 17:38:37.646102,1.204,1.488,9.529,48,False,False
D8,M79366,B3,BT7,straight,2025-04-23 17:38:37.651984,1.227,1.465,9.72,49,False,False
D8,M79366,B3,BT7,straight,2025-04-23 17:38:37.657865,1.245,1.427,9.938,50,False,False
D8,M79366,B3,BT7,straight,2025-04-23 17:38:37.663747,1.256,1.415,10.139,51,False,False
D8,M79366,B3,BT7,straight,2025-04-23 17:38:37.669629,1.266,1.4,10.33,52,False,False
D8,M79366,B3,BT7,straight,2025-04-23 17:38:37.675511,1.276,1.369,10.533,53,False,False
D8,M79366,B3,BT7,straight,2025-04-23 17:38:37.681393,1.296,1.338,10.738,54,False,False
D8,M79366,B3,BT7,straight,2025-04-23 17:38:37.687275,1.308,1.321,10.943,55,False,False
D8,M79366,B3,BT7,straight,2025-04-23 17:38:37.693157,1.326,1.302,11.15,56,False,False
D8,M79366,B3,BT7,straight,2025-04-23 17:38:37.699038,1.353,1.276,11.342,57,False,False
D8,M79366,B3,BT7,straight,2025-04-23 17:38:37.704920,1.35,1.254,11.541,58,False,False
D8,M79366,B3,BT7,straight,2025-04-23 17:38:37.710802,1.363,1.226,11.759,59,False,False
D8,M79366,B3,BT7,straight,2025-04-23 17:38:37.716684,1.38,1.201,11.962,60,False,False
D8,M79366,B3,BT7,straight,2025-04-23 17:38:37.722566,1.407,1.175,12.157,61,False,False
D8,M79366,B3,BT7,straight,2025-04-23 17:38:37.728448,1.414,1.155,12.352,62,False,False
D8,M79366,B3,BT7,straight,2025-04-23 17:38:37.734329,1.424,1.114,12.562,63,False,False
D8,M79366,B3,BT7,straight,2025-04-23 17:38:37.740211,1.447,1.102,12.77,64,False,False
D8,M79366,B3,BT7,straight,2025-04-23 17:38:37.746093,1.452,1.072,12.96,65,False,False
D8,M79366,B3,BT7,straight,2025-04-23 17:38:37.751975,1.479,1.048,13.176,66,False,False
D8,M79366,B3,BT7,straight,2025-04-23 17:38:37.757857,1.497,1.017,13.381,67,False,False
D8,M79366,B3,BT7,straight,2025-04-23 17:38:37.763739,1.499,0.98,13.58,68,False,False
D8,M79366,B3,BT7,straight,2025-04-23 17:38:37.769621,1.512,0.945,13.787,69,False,False
D8,M79366,B3,BT7,straight,2025-04-23 17:38:37.775502,1.529,0.931,13.981,70,False,False
D8,M79366,B3,BT7,straight,2025-04-23 17:38:37.781384,1.551,0.906,14.188,71,False,False
D8,M79366,B3,BT7,straight,2025-04-23 17:38:37.787266,1.565,0.866,14.387,72,False,False
D8,M79366,B3,BT7,straight,2025-04-23 17:38:37.793148,1.576,0.838,14.584,73,False,False
D8,M79366,B3,BT7,straight,2025-04-23 17:38:37.799030,1.583,0.803,14.787,74,False,False
D8,M79366,B3,BT7,straight,2025-04-23 17:38:37.804912,1.61,0.774,15.004,75,False,False
D8,M79366,B3,BT7,straight,2025-04-23 17:38:37.810793,1.611,0.752,15.204,76,False,False
D8,M79366,B3,BT7,straight,2025-04-23 17:38:37.816675,1.644,0.725,15.408,77,False,False
D8,M79366,B3,BT7,straight,2025-04-23 17:38:37.822557,1.643,0.683,15.612,78,False,False
D8,M79366,B3,BT7,straight,2025-04-23 17:38:37.828439,1.655,0.644,15.807,79,False,False
D8,M79366,B3,BT7,straight,2025-04-23 17:38:37.834321,1.674,0.626,16.005,80,False,False
D8,M79366,B3,BT7,straight,2025-04-23 17:38:37.840203,1.691,0.598,16.209,81,False,False
D8,M79366,B3,BT7,straight,2025-04-23 17:38:37.846085,1.698,0.554,16.412,82,False,False
D8,M79366,B3,BT7,straight,2025-04-23 17:38:37.851966,1.717,0.516,16.607,83,False,False
D8,M79366,B3,BT7,straight,2025-04-23 17:38:37.857848,1.729,0.482,16.811,84,False,False
D8,M79366,B3,BT7,straight,2025-04-23 17:38:37.863730,1.744,0.463,17.021,85,False,False
D8,M79366,B3,BT7,straight,2025-04-23 17:38:37.869612,1.768,0.412,17.234,86,False,False
D8,M79366,B3,BT7,straight,2025-04-23 17:38:37.875494,1.779,0.395,17.433,87,False,False
D8,M79366,B3,BT7,straight,2025-04-23 17:38:37.881376,1.787,0.346,17.622,88,False,False
D8,M79366,B3,BT7,straight,2025-04-23 17:38:37.887257,1.817,0.312,17.825,89,False,False
D8,M79366,B3,BT7,straight,2025-04-23 17:38:37.893139,1.817,0.284,18.03,90,False,False
D8,M79366,B3,BT7,straight,2025-04-23 17:38:37.899021,1.834,0.243,18.228,91,False,False
D8,M79366,B3,BT7,straight,2025-04-23 17:38:37.904903,1.858,0.211,18.437,92,False,False
D8,M79366,B3,BT7,straight,2025-04-23 17:38:37.910785,1.866,0.175,18.647,93,False,False
D8,M79366,B3,BT7,straight,2025-04-23 17:38:37.916667,1.888,0.128,18.845,94,True,False
D8,M79366,B3,BT7,straight,2025-04-23 17:38:37.922548,1.904,0.109,19.048,95,True,False
D8,M79366,B3,BT7,straight,2025-04-23 17:38:37.928430,1.918,0.059,19.25,96,True,False
D8,M79366,B3,BT7,straight,2025-04-23 17:38:37.934312,1.929,0.021,19.445,97,True,False
D8,M79366,B3,BT7,straight,2025-04-23 17:38:37.940194,1.932,0.003,19.665,98,True,False
D8,M79366,B3,BT7,straight,2025-04-23 17:38:37.946076,1.951,0.007,19.851,99,True,False
D8,M79366,B3,BT7,straight,2025-04-23 17:38:37.951958,1.971,0.005,20.064,100,True,False
D9,M79366,B2,BT5,inswinger,2025-04-23 17:38:37.370064,0.49,2.051,0.008,1,False,False
D9,M79366,B2,BT5,inswinger,2025-04-23 17:38:37.375284,0.486,2.061,0.201,2,False,False
D9,M79366,B2,BT5,inswinger,2025-04-23 17:38:37.380505,0.506,2.062,0.412,3,False,False
D9,M79366,B2,BT5,inswinger,2025-04-23 17:38:37.385725,0.513,2.06,0.617,4,False,False
D9,M79366,B2,BT5,inswinger,2025-04-23 17:38:37.390945,0.516,2.081,0.815,5,False,False
D9,M79366,B2,BT5,inswinger,2025-04-23 17:38:37.396166,0.535,2.086,1.007,6,False,False
D9,M79366,B2,BT5,inswinger,2025-04-23 17:38:37.401386,0.551,2.081,1.208,7,False,False
D9,M79366,B2,BT5,inswinger,2025-04-23 17:38:37.406606,0.558,2.097,1.411,8,False,False
D9,M79366,B2,BT5,inswinger,2025-04-23 17:38:37.411826,0.572,2.103,1.618,9,False,False
D9,M79366,B2,BT5,inswinger,2025-04-23 17:38:37.417047,0.583,2.101,1.825,10,False,False
D9,M79366,B2,BT5,inswinger,2025-04-23 17:38:37.422267,0.596,2.099,2.036,11,False,False
D9,M79366,B2,BT5,inswinger,2025-04-23 17:38:37.427487,0.61,2.104,2.238,12,False,False
D9,M79366,B2,BT5,inswinger,2025-04-23 17:38:37.432708,0.629,2.104,2.426,13,False,False
D9,M79366,B2,BT5,inswinger,2025-04-23 17:38:37.437928,0.638,2.116,2.645,14,False,False
D9,M79366,B2,BT5,inswinger,2025-04-23 17:38:37.443148,0.647,2.123,2.839,15,False,False
D9,M79366,B2,BT5,inswinger,2025-04-23 17:38:37.448369,0.664,2.128,3.041,16,False,False
D9,M79366,B2,BT5,inswinger,2025-04-23 17:38:37.453589,0.684,2.117,3.25,17,False,False
D9,M79366,B2,BT5,inswinger,2025-04-23 17:38:37.458809,0.701,2.131,3.452,18,False,False
D9,M79366,B2,BT5,inswinger,2025-04-23 17:38:37.464030,0.713,2.118,3.647,19,False,False
D9,M79366,B2,BT5,inswinger,2025-04-23 17:38:37.469250,0.739,2.125,3.858,20,False,False
D9,M79366,B2,BT5,inswinger,2025-04-23 17:38:37.474470,0.756,2.131,4.064,21,False,False
D9,M79366,B2,BT5,inswinger,2025-04-23 17:38:37.479690,0.783,2.127,4.253,22,False,False
D9,M79366,B2,BT5,inswinger,2025-04-23 17:38:37.484911,0.8,2.143,4.465,23,False,False
D9,M79366,B2,BT5,inswinger,2025-04-23 17:38:37.490131,0.807,2.128,4.665,24,False,False
D9,M79366,B2,BT5,inswinger,2025-04-23 17:38:37.495351,0.842,2.135,4.863,25,False,False
D9,M79366,B2,BT5,inswinger,2025-04-23 17:38:37.500572,0.852,2.13,5.079,26,False,False
D9,M79366,B2,BT5,inswinger,2025-04-23 17:38:37.505792,0.882,2.132,5.275,27,False,False
D9,M79366,B2,BT5,inswinger,2025-04-23 17:38:37.511012,0.898,2.136,5.48,28,False,False
D9,M79366,B2,BT5,inswinger,2025-04-23 17:38:37.516233,0.939,2.144,5.678,29,False,False
D9,M79366,B2,BT5,inswinger,2025-04-23 17:38:37.521453,0.958,2.141,5.881,30,False,False
D9,M79366,B2,BT5,inswinger,2025-04-23 17:38:37.526673,0.977,2.135,6.091,31,False,False
D9,M79366,B2,BT5,inswinger,2025-04-23 17:38:37.531894,1.011,2.123,6.286,32,False,False
D9,M79366,B2,BT5,inswinger,2025-04-23 17:38:37.537114,1.034,2.134,6.501,33,False,False
D9,M79366,B2,BT5,inswinger,2025-04-23 17:38:37.542334,1.062,2.135,6.69,34,False,False
D9,M79366,B2,BT5,inswinger,2025-04-23 17:38:37.547555,1.081,2.117,6.903,35,False,False
D9,M79366,B2,BT5,inswinger,2025-04-23 17:38:37.552775,1.117,2.133,7.104,36,False,False
D9,M79366,B2,BT5,inswinger,2025-04-23 17:38:37.557995,1.141,2.129,7.306,37,False,False
D9,M79366,B2,BT5,inswinger,2025-04-23 17:38:37.563215,1.171,2.128,7.511,38,False,False
D9,M79366,B2,BT5,inswinger,2025-04-23 17:38:37.568436,1.209,2.106,7.71,39,False,False
D9,M79366,B2,BT5,inswinger,2025-04-23 17:38:37.573656,1.245,2.114,7.922,40,False,False
D9,M79366,B2,BT5,inswinger,2025-04-23 17:38:37.578876,1.271,2.104,8.109,41,False,False
D9,M79366,B2,BT5,inswinger,2025-04-23 17:38:37.584097,1.29,2.106,8.312,42,False,False
D9,M79366,B2,BT5,inswinger,2025-04-23 17:38:37.589317,1.321,2.109,8.518,43,False,False
D9,M79366,B2,BT5,inswinger,2025-04-23 17:38:37.594537,1.351,2.086,8.718,44,False,False
D9,M79366,B2,BT5,inswinger,2025-04-23 17:38:37.599758,1.385,2.086,8.933,45,False,False
D9,M79366,B2,BT5,inswinger,2025-04-23 17:38:37.604978,1.418,2.084,9.124,46,False,False
D9,M79366,B2,BT5,inswinger,2025-04-23 17:38:37.610198,1.447,2.077,9.337,47,False,False
D9,M79366,B2,BT5,inswinger,2025-04-23 17:38:37.615419,1.467,2.083,9.532,48,False,False
D9,M79366,B2,BT5,inswinger,2025-04-23 17:38:37.620639,1.507,2.065,9.733,49,False,False
D9,M79366,B2,BT5,inswinger,2025-04-23 17:38:37.625859,1.517,2.058,9.947,50,False,False
D9,M79366,B2,BT5,inswinger,2025-04-23 17:38:37.631079,1.539,2.06,10.152,51,False,False
D9,M79366,B2,BT5,inswinger,2025-04-23 17:38:37.636300,1.568,2.04,10.344,52,False,False
D9,M79366,B2,BT5,inswinger,2025-04-23 17:38:37.641520,1.601,2.045,10.548,53,False,False
D9,M79366,B2,BT5,inswinger,2025-04-23 17:38:37.646740,1.621,2.029,10.758,54,False,False
D9,M79366,B2,BT5,inswinger,2025-04-23 17:38:37.651961,1.632,2.037,10.964,55,False,False
D9,M79366,B2,BT5,inswinger,2025-04-23 17:38:37.657181,1.656,2.012,11.158,56,False,False
D9,M79366,B2,BT5,inswinger,2025-04-23 17:38:37.662401,1.666,2.015,11.358,57,False,False
D9,M79366,B2,BT5,inswinger,2025-04-23 17:38:37.667622,1.675,2.001,11.575,58,False,False
D9,M79366,B2,BT5,inswinger,2025-04-23 17:38:37.672842,1.702,2.001,11.777,59,False,False
D9,M79366,B2,BT5,inswinger,2025-04-23 17:38:37.678062,1.697,1.989,11.966,60,False,False
D9,M79366,B2,BT5,inswinger,2025-04-23 17:38:37.683283,1.719,1.974,12.166,61,False,False
D9,M79366,B2,BT5,inswinger,2025-04-23 17:38:37.688503,1.726,1.975,12.381,62,False,False
D9,M79366,B2,BT5,inswinger,2025-04-23 17:38:37.693723,1.725,1.954,12.588,63,False,False
D9,M79366,B2,BT5,inswinger,2025-04-23 17:38:37.698943,1.731,1.948,12.785,64,False,False
D9,M79366,B2,BT5,inswinger,2025-04-23 17:38:37.704164,1.737,1.94,12.987,65,False,False
D9,M79366,B2,BT5,inswinger,2025-04-23 17:38:37.709384,1.731,1.923,13.194,66,False,False
D9,M79366,B2,BT5,inswinger,2025-04-23 17:38:37.714604,1.732,1.913,13.387,67,False,False
D9,M79366,B2,BT5,inswinger,2025-04-23 17:38:37.719825,1.734,1.91,13.601,68,False,False
D9,M79366,B2,BT5,inswinger,2025-04-23 17:38:37.725045,1.738,1.901,13.795,69,False,False
D9,M79366,B2,BT5,inswinger,2025-04-23 17:38:37.730265,1.735,1.883,13.998,70,False,False
D9,M79366,B2,BT5,inswinger,2025-04-23 17:38:37.735486,1.711,1.876,14.203,71,False,False
D9,M79366,B2,BT5,inswinger,2025-04-23 17:38:37.740706,1.711,1.863,14.415,72,False,False
D9,M79366,B2,BT5,inswinger,2025-04-23 17:38:37.745926,1.704,1.857,14.603,73,False,False
D9,M79366,B2,BT5,inswinger,2025-04-23 17:38:37.751147,1.705,1.846,14.814,74,False,False
D9,M79366,B2,BT5,inswinger,2025-04-23 17:38:37.756367,1.695,1.818,15.023,75,False,False
D9,M79366,B2,BT5,inswinger,2025-04-23 17:38:37.761587,1.67,1.82,15.213,76,False,False
D9,M79366,B2,BT5,inswinger,2025-04-23 17:38:37.766808,1.662,1.794,15.417,77,False,False
D9,M79366,B2,BT5,inswinger,2025-04-23 17:38:37.772028,1.663,1.784,15.626,78,False,False
D9,M79366,B2,BT5,inswinger,2025-04-23 17:38:37.777248,1.645,1.772,15.824,79,False,False
D9,M79366,B2,BT5,inswinger,2025-04-23 17:38:37.782468,1.63,1.758,16.036,80,False,False
D9,M79366,B2,BT5,inswinger,2025-04-23 17:38:37.787689,1.627,1.746,16.23,81,False,False
D9,M79366,B2,BT5,inswinger,2025-04-23 17:38:37.792909,1.615,1.726,16.427,82,False,False
D9,M79366,B2,BT5,inswinger,2025-04-23 17:38:37.798129,1.595,1.711,16.64,83,False,False
D9,M79366,B2,BT5,inswinger,2025-04-23 17:38:37.803350,1.598,1.692,16.834,84,False,False
D9,M79366,B2,BT5,inswinger,2025-04-23 17:38:37.808570,1.588,1.675,17.04,85,False,False
D9,M79366,B2,BT5,inswinger,2025-04-23 17:38:37.813790,1.564,1.672,17.241,86,False,False
D9,M79366,B2,BT5,inswinger,2025-04-23 17:38:37.819011,1.568,1.653,17.454,87,False,False
D9,M79366,B2,BT5,inswinger,2025-04-23 17:38:37.824231,1.552,1.643,17.649,88,False,False
D9,M79366,B2,BT5,inswinger,2025-04-23 17:38:37.829451,1.554,1.607,17.853,89,False,False
D9,M79366,B2,BT5,inswinger,2025-04-23 17:38:37.834672,1.534,1.595,18.063,90,False,False
D9,M79366,B2,BT5,inswinger,2025-04-23 17:38:37.839892,1.524,1.584,18.267,91,False,False
D9,M79366,B2,BT5,inswinger,2025-04-23 17:38:37.845112,1.531,1.562,18.456,92,False,False
D9,M79366,B2,BT5,inswinger,2025-04-23 17:38:37.850332,1.518,1.543,18.666,93,False,False
D9,M79366,B2,BT5,inswinger,2025-04-23 17:38:37.855553,1.522,1.528,18.87,94,True,False
D9,M79366,B2,BT5,inswinger,2025-04-23 17:38:37.860773,1.502,1.521,19.082,95,True,False
D9,M79366,B2,BT5,inswinger,2025-04-23 17:38:37.865993,1.505,1.497,19.269,96,True,False
D9,M79366,B2,BT5,inswinger,2025-04-23 17:38:37.871214,1.499,1.481,19.475,97,True,False
D9,M79366,B2,BT5,inswinger,2025-04-23 17:38:37.876434,1.501,1.46,19.686,98,True,False
D9,M79366,B2,BT5,inswinger,2025-04-23 17:38:37.881654,1.495,1.433,19.875,99,True,False
D9,M79366,B2,BT5,inswinger,2025-04-23 17:38:37.886875,1.51,1.422,20.08,100,True,False
D10,M79366,B4,BT9,straight,2025-04-23 17:38:37.370456,-0.574,1.908,-0.009,1,False,False
D10,M79366,B4,BT9,straight,2025-04-23 17:38:37.376194,-0.592,1.909,0.199,2,False,False
D10,M79366,B4,BT9,straight,2025-04-23 17:38:37.381933,-0.593,1.908,0.401,3,False,False
D10,M79366,B4,BT9,straight,2025-04-23 17:38:37.387671,-0.617,1.889,0.601,4,False,False
D10,M79366,B4,BT9,straight,2025-04-23 17:38:37.393410,-0.63,1.897,0.81,5,False,False
D10,M79366,B4,BT9,straight,2025-04-23 17:38:37.399148,-0.623,1.893,1.005,6,False,False
D10,M79366,B4,BT9,straight,2025-04-23 17:38:37.404886,-0.651,1.883,1.226,7,False,False
D10,M79366,B4,BT9,straight,2025-04-23 17:38:37.410625,-0.666,1.884,1.427,8,False,False
D10,M79366,B4,BT9,straight,2025-04-23 17:38:37.416363,-0.666,1.875,1.626,9,False,False
D10,M79366,B4,BT9,straight,2025-04-23 17:38:37.422102,-0.683,1.877,1.823,10,False,False
D10,M79366,B4,BT9,straight,2025-04-23 17:38:37.427840,-0.688,1.872,2.025,11,False,False
D10,M79366,B4,BT9,straight,2025-04-23 17:38:37.433578,-0.699,1.872,2.227,12,False,False
D10,M79366,B4,BT9,straight,2025-04-23 17:38:37.439317,-0.721,1.862,2.435,13,False,False
D10,M79366,B4,BT9,straight,2025-04-23 17:38:37.445055,-0.727,1.854,2.644,14,False,False
D10,M79366,B4,BT9,straight,2025-04-23 17:38:37.450794,-0.757,1.862,2.838,15,False,False
D10,M79366,B4,BT9,straight,2025-04-23 17:38:37.456532,-0.765,1.853,3.052,16,False,False
D10,M79366,B4,BT9,straight,2025-04-23 17:38:37.462270,-0.771,1.848,3.246,17,False,False
D10,M79366,B4,BT9,straight,2025-04-23 17:38:37.468009,-0.779,1.841,3.442,18,False,False
D10,M79366,B4,BT9,straight,2025-04-23 17:38:37.473747,-0.811,1.833,3.661,19,False,False
D10,M79366,B4,BT9,straight,2025-04-23 17:38:37.479486,-0.827,1.812,3.854,20,False,False
D10,M79366,B4,BT9,straight,2025-04-23 17:38:37.485224,-0.838,1.808,4.057,21,False,False
D10,M79366,B4,BT9,straight,2025-04-23 17:38:37.490962,-0.842,1.805,4.256,22,False,False
D10,M79366,B4,BT9,straight,2025-04-23 17:38:37.496701,-0.86,1.799,4.467,23,False,False
D10,M79366,B4,BT9,straight,2025-04-23 17:38:37.502439,-0.879,1.778,4.674,24,False,False
D10,M79366,B4,BT9,straight,2025-04-23 17:38:37.508178,-0.89,1.779,4.869,25,False,False
D10,M79366,B4,BT9,straight,2025-04-23 17:38:37.513916,-0.917,1.766,5.077,26,False,False
D10,M79366,B4,BT9,straight,2025-04-23 17:38:37.519654,-0.937,1.754,5.278,27,False,False
D10,M79366,B4,BT9,straight,2025-04-23 17:38:37.525393,-0.954,1.747,5.479,28,False,False
D10,M79366,B4,BT9,straight,2025-04-23 17:38:37.531131,-0.955,1.748,5.686,29,False,False
D10,M79366,B4,BT9,straight,2025-04-23 17:38:37.536870,-0.981,1.737,5.891,30,False,False
D10,M79366,B4,BT9,straight,2025-04-23 17:38:37.542608,-1.0,1.719,6.086,31,False,False
D10,M79366,B4,BT9,straight,2025-04-23 17:38:37.548346,-1.015,1.715,6.283,32,False,False
D10,M79366,B4,BT9,straight,2025-04-23 17:38:37.554085,-1.035,1.692,6.49,33,False,False
D10,M79366,B4,BT9,straight,2025-04-23 17:38:37.559823,-1.063,1.681,6.696,34,False,False
D10,M79366,B4,BT9,straight,2025-04-23 17:38:37.565562,-1.064,1.666,6.903,35,False,False
D10,M79366,B4,BT9,straight,2025-04-23 17:38:37.571300,-1.084,1.653,7.109,36,False,False
D10,M79366,B4,BT9,straight,2025-04-23 17:38:37.577038,-1.117,1.639,7.301,37,False,False
D10,M79366,B4,BT9,straight,2025-04-23 17:38:37.582777,-1.134,1.633,7.5,38,False,False
D10,M79366,B4,BT9,straight,2025-04-23 17:38:37.588515,-1.154,1.625,7.713,39,False,False
D10,M79366,B4,BT9,straight,2025-04-23 17:38:37.594254,-1.174,1.609,7.917,40,False,False
D10,M79366,B4,BT9,straight,2025-04-23 17:38:37.599992,-1.185,1.593,8.112,41,False,False
D10,M79366,B4,BT9,straight,2025-04-23 17:38:37.605730,-1.198,1.58,8.321,42,False,False
D10,M79366,B4,BT9,straight,2025-04-23 17:38:37.611469,-1.224,1.563,8.513,43,False,False
D10,M79366,B4,BT9,straight,2025-04-23 17:38:37.617207,-1.249,1.547,8.725,44,False,False
D10,M79366,B4,BT9,straight,2025-04-23 17:38:37.622946,-1.263,1.52,8.924,45,False,False
D10,M79366,B4,BT9,straight,2025-04-23 17:38:37.628684,-1.285,1.517,9.132,46,False,False
D10,M79366,B4,BT9,straight,2025-04-23 17:38:37.634422,-1.299,1.493,9.334,47,False,False
D10,M79366,B4,BT9,straight,2025-04-23 17:38:37.640161,-1.317,1.477,9.533,48,False,False
D10,M79366,B4,BT9,straight,2025-04-23 17:38:37.645899,-1.351,1.459,9.746,49,False,False
D10,M79366,B4,BT9,straight,2025-04-23 17:38:37.651638,-1.368,1.456,9.937,50,False,False
D10,M79366,B4,BT9,straight,2025-04-23 17:38:37.657376,-1.375,1.437,10.15,51,False,False
D10,M79366,B4,BT9,straight,2025-04-23 17:38:37.663114,-1.4,1.403,10.357,52,False,False
D10,M79366,B4,BT9,straight,2025-04-23 17:38:37.668853,-1.417,1.4,10.558,53,False,False
D10,M79366,B4,BT9,straight,2025-04-23 17:38:37.674591,-1.435,1.374,10.757,54,False,False
D10,M79366,B4,BT9,straight,2025-04-23 17:38:37.680330,-1.443,1.361,10.966,55,False,False
D10,M79366,B4,BT9,straight,2025-04-23 17:38:37.686068,-1.464,1.341,11.162,56,False,False
D10,M79366,B4,BT9,straight,2025-04-23 17:38:37.691806,-1.465,1.319,11.357,57,False,False
D10,M79366,B4,BT9,straight,2025-04-23 17:38:37.697545,-1.484,1.308,11.576,58,False,False
D10,M79366,B4,BT9,straight,2025-04-23 17:38:37.703283,-1.492,1.287,11.777,59,False,False
D10,M79366,B4,BT9,straight,2025-04-23 17:38:37.709022,-1.508,1.268,11.972,60,False,False
D10,M79366,B4,BT9,straight,2025-04-23 17:38:37.714760,-1.513,1.229,12.173,61,False,False
D10,M79366,B4,BT9,straight,2025-04-23 17:38:37.720498,-1.536,1.212,12.379,62,False,False
D10,M79366,B4,BT9,straight,2025-04-23 17:38:37.726237,-1.546,1.202,12.573,63,False,False
D10,M79366,B4,BT9,straight,2025-04-23 17:38:37.731975,-1.555,1.173,12.791,64,False,False
D10,M79366,B4,BT9,straight,2025-04-23 17:38:37.737714,-1.55,1.144,12.982,65,False,False
D10,M79366,B4,BT9,straight,2025-04-23 17:38:37.743452,-1.557,1.133,13.195,66,False,False
D10,M79366,B4,BT9,straight,2025-04-23 17:38:37.749190,-1.574,1.11,13.394,67,False,False
D10,M79366,B4,BT9,straight,2025-04-23 17:38:37.754929,-1.576,1.083,13.591,68,False,False
D10,M79366,B4,BT9,straight,2025-04-23 17:38:37.760667,-1.586,1.064,13.801,69,False,False
D10,M79366,B4,BT9,straight,2025-04-23 17:38:37.766406,-1.589,1.043,13.992,70,False,False
D10,M79366,B4,BT9,straight,2025-04-23 17:38:37.772144,-1.595,1.012,14.206,71,False,False
D10,M79366,B4,BT9,straight,2025-04-23 17:38:37.777882,-1.59,0.987,14.4,72,False,False
D10,M79366,B4,BT9,straight,2025-04-23 17:38:37.783621,-1.593,0.974,14.612,73,False,False
D10,M79366,B4,BT9,straight,2025-04-23 17:38:37.789359,-1.612,0.931,14.806,74,False,False
D10,M79366,B4,BT9,straight,2025-04-23 17:38:37.795098,-1.618,0.917,15.023,75,False,False
D10,M79366,B4,BT9,straight,2025-04-23 17:38:37.800836,-1.617,0.891,15.211,76,False,False
D10,M79366,B4,BT9,straight,2025-04-23 17:38:37.806575,-1.607,0.857,15.428,77,False,False
D10,M79366,B4,BT9,straight,2025-04-23 17:38:37.812313,-1.625,0.835,15.63,78,False,False
D10,M79366,B4,BT9,straight,2025-04-23 17:38:37.818051,-1.63,0.81,15.819,79,False,False
D10,M79366,B4,BT9,straight,2025-04-23 17:38:37.823790,-1.628,0.789,16.029,80,False,False
D10,M79366,B4,BT9,straight,2025-04-23 17:38:37.829528,-1.63,0.753,16.238,81,False,False
D10,M79366,B4,BT9,straight,2025-04-23 17:38:37.835267,-1.631,0.737,16.432,82,False,False
D10,M79366,B4,BT9,straight,2025-04-23 17:38:37.841005,-1.642,0.697,16.638,83,False,False
D10,M79366,B4,BT9,straight,2025-04-23 17:38:37.846743,-1.631,0.68,16.834,84,False,False
D10,M79366,B4,BT9,straight,2025-04-23 17:38:37.852482,-1.632,0.641,17.045,85,False,False
D10,M79366,B4,BT9,straight,2025-04-23 17:38:37.858220,-1.646,0.627,17.247,86,False,False
D10,M79366,B4,BT9,straight,2025-04-23 17:38:37.863959,-1.652,0.584,17.443,87,False,False
D10,M79366,B4,BT9,straight,2025-04-23 17:38:37.869697,-1.645,0.569,17.66,88,False,False
D10,M79366,B4,BT9,straight,2025-04-23 17:38:37.875435,-1.643,0.535,17.858,89,False,False
D10,M79366,B4,BT9,straight,2025-04-23 17:38:37.881174,-1.652,0.508,18.068,90,False,False
D10,M79366,B4,BT9,straight,2025-04-23 17:38:37.886912,-1.66,0.462,18.261,91,False,False
D10,M79366,B4,BT9,straight,2025-04-23 17:38:37.892651,-1.675,0.434,18.469,92,False,False
D10,M79366,B4,BT9,straight,2025-04-23 17:38:37.898389,-1.677,0.418,18.674,93,False,False
D10,M79366,B4,BT9,straight,2025-04-23 17:38:37.904127,-1.677,0.368,18.878,94,True,False
D10,M79366,B4,BT9,straight,2025-04-23 17:38:37.909866,-1.675,0.344,19.065,95,True,False
D10,M79366,B4,BT9,straight,2025-04-23 17:38:37.915604,-1.691,0.314,19.268,96,True,False
D10,M79366,B4,BT9,straight,2025-04-23 17:38:37.921343,-1.69,0.286,19.482,97,True,False
D10,M79366,B4,BT9,straight,2025-04-23 17:38:37.927081,-1.709,0.239,19.69,98,True,False
D10,M79366,B4,BT9,straight,2025-04-23 17:38:37.932819,-1.705,0.209,19.895,99,True,False
D10,M79366,B4,BT9,straight,2025-04-23 17:38:37.938558,-1.707,0.188,20.098,100,True,False
