delivery_id,match_id,bowler_id,batsman_id,timestamp,x,y,z,frame_number,is_hawkeye_prediction
D1,12345,B1,BT10,2025-04-22 23:12:57.945848,0.088,2.022,0.006,1,False
D1,12345,B1,BT10,2025-04-22 23:12:57.965848,0.289,1.989,0.413,2,False
D1,12345,B1,BT10,2025-04-22 23:12:57.985848,0.587,2.052,0.829,3,False
D1,12345,B1,BT10,2025-04-22 23:12:58.005848,0.249,2.031,1.247,4,False
D1,12345,B1,BT10,2025-04-22 23:12:58.025848,0.09,2.076,1.659,5,False
D1,12345,B1,BT10,2025-04-22 23:12:58.045848,0.115,2.075,2.026,6,False
D1,12345,B1,BT10,2025-04-22 23:12:58.065848,0.443,2.127,2.485,7,False
D1,12345,B1,BT10,2025-04-22 23:12:58.085848,0.022,2.071,2.874,8,False
D1,12345,B1,BT10,2025-04-22 23:12:58.105848,0.461,2.18,3.298,9,False
D1,12345,B1,BT10,2025-04-22 23:12:58.125848,0.715,2.103,3.698,10,False
D1,12345,B1,BT10,2025-04-22 23:12:58.145848,0.52,2.072,4.112,11,False
D1,12345,B1,BT10,2025-04-22 23:12:58.165848,0.07,2.121,4.529,12,False
D1,12345,B1,BT10,2025-04-22 23:12:58.185848,0.571,2.112,4.937,13,False
D1,12345,B1,BT10,2025-04-22 23:12:58.205848,0.452,2.182,5.319,14,False
D1,12345,B1,BT10,2025-04-22 23:12:58.225848,0.892,2.095,5.742,15,False
D1,12345,B1,BT10,2025-04-22 23:12:58.245848,0.552,2.331,6.153,16,False
D1,12345,B1,BT10,2025-04-22 23:12:58.265848,0.496,2.102,6.598,17,False
D1,12345,B1,BT10,2025-04-22 23:12:58.285848,0.709,2.205,6.954,18,False
D1,12345,B1,BT10,2025-04-22 23:12:58.305848,0.096,2.448,7.416,19,False
D1,12345,B1,BT10,2025-04-22 23:12:58.325848,0.653,2.437,7.828,20,False
D1,12345,B1,BT10,2025-04-22 23:12:58.345848,0.215,2.265,8.227,21,False
D1,12345,B1,BT10,2025-04-22 23:12:58.365848,0.892,2.064,8.595,22,False
D1,12345,B1,BT10,2025-04-22 23:12:58.385848,0.739,2.117,9.004,23,False
D1,12345,B1,BT10,2025-04-22 23:12:58.405848,0.366,2.208,9.439,24,False
D1,12345,B1,BT10,2025-04-22 23:12:58.425848,1.041,1.904,9.857,25,False
D1,12345,B1,BT10,2025-04-22 23:12:58.445848,0.656,1.999,10.286,26,False
D1,12345,B1,BT10,2025-04-22 23:12:58.465848,0.69,1.801,10.7,27,False
D1,12345,B1,BT10,2025-04-22 23:12:58.485848,0.647,1.788,11.07,28,False
D1,12345,B1,BT10,2025-04-22 23:12:58.505848,0.735,1.909,11.488,29,False
D1,12345,B1,BT10,2025-04-22 23:12:58.525848,0.676,1.654,11.932,30,False
D1,12345,B1,BT10,2025-04-22 23:12:58.545848,0.722,1.73,12.317,31,True
D1,12345,B1,BT10,2025-04-22 23:12:58.565848,0.732,1.552,12.71,32,True
D1,12345,B1,BT10,2025-04-22 23:12:58.585848,0.757,1.613,13.157,33,True
D1,12345,B1,BT10,2025-04-22 23:12:58.605848,0.787,1.584,13.525,34,True
D1,12345,B1,BT10,2025-04-22 23:12:58.625848,0.771,1.377,13.954,35,True
D1,12345,B1,BT10,2025-04-22 23:12:58.645848,0.798,1.367,14.388,36,True
D1,12345,B1,BT10,2025-04-22 23:12:58.665848,0.782,1.406,14.767,37,True
D1,12345,B1,BT10,2025-04-22 23:12:58.685848,0.842,1.212,15.191,38,True
D1,12345,B1,BT10,2025-04-22 23:12:58.705848,0.846,1.238,15.597,39,True
D1,12345,B1,BT10,2025-04-22 23:12:58.725848,0.851,1.179,16.018,40,True
D1,12345,B1,BT10,2025-04-22 23:12:58.745848,0.834,1.123,16.441,41,True
D1,12345,B1,BT10,2025-04-22 23:12:58.765848,0.866,0.994,16.861,42,True
D1,12345,B1,BT10,2025-04-22 23:12:58.785848,0.88,0.933,17.261,43,True
D1,12345,B1,BT10,2025-04-22 23:12:58.805848,0.905,0.832,17.655,44,True
D1,12345,B1,BT10,2025-04-22 23:12:58.825848,0.882,0.817,18.041,45,True
D1,12345,B1,BT10,2025-04-22 23:12:58.845848,0.913,0.762,18.464,46,True
D1,12345,B1,BT10,2025-04-22 23:12:58.865848,0.911,0.643,18.864,47,True
D1,12345,B1,BT10,2025-04-22 23:12:58.885848,0.956,0.628,19.282,48,True
D1,12345,B1,BT10,2025-04-22 23:12:58.905848,0.98,0.582,19.688,49,True
D1,12345,B1,BT10,2025-04-22 23:12:58.925848,0.975,0.517,20.115,50,True
D2,12345,B1,BT4,2025-04-22 23:12:57.945958,-0.653,1.983,-0.005,1,False
D2,12345,B1,BT4,2025-04-22 23:12:57.965958,-0.114,1.995,0.391,2,False
D2,12345,B1,BT4,2025-04-22 23:12:57.985958,-0.207,2.023,0.81,3,False
D2,12345,B1,BT4,2025-04-22 23:12:58.005958,-0.269,2.048,1.239,4,False
D2,12345,B1,BT4,2025-04-22 23:12:58.025958,-0.005,2.063,1.669,5,False
D2,12345,B1,BT4,2025-04-22 23:12:58.045958,-0.469,2.054,2.067,6,False
D2,12345,B1,BT4,2025-04-22 23:12:58.065958,-0.354,2.052,2.438,7,False
D2,12345,B1,BT4,2025-04-22 23:12:58.085958,0.186,2.08,2.888,8,False
D2,12345,B1,BT4,2025-04-22 23:12:58.105958,-0.272,2.164,3.256,9,False
D2,12345,B1,BT4,2025-04-22 23:12:58.125958,-0.074,2.189,3.692,10,False
D2,12345,B1,BT4,2025-04-22 23:12:58.145958,-0.274,2.047,4.125,11,False
D2,12345,B1,BT4,2025-04-22 23:12:58.165958,-0.099,2.198,4.531,12,False
D2,12345,B1,BT4,2025-04-22 23:12:58.185958,0.09,2.304,4.927,13,False
D2,12345,B1,BT4,2025-04-22 23:12:58.205958,-0.216,2.16,5.357,14,False
D2,12345,B1,BT4,2025-04-22 23:12:58.225958,0.038,2.219,5.769,15,False
D2,12345,B1,BT4,2025-04-22 23:12:58.245958,-0.186,2.218,6.147,16,False
D2,12345,B1,BT4,2025-04-22 23:12:58.265958,0.509,2.117,6.594,17,False
D2,12345,B1,BT4,2025-04-22 23:12:58.285958,-0.041,2.176,6.981,18,False
D2,12345,B1,BT4,2025-04-22 23:12:58.305958,0.363,2.327,7.392,19,False
D2,12345,B1,BT4,2025-04-22 23:12:58.325958,0.335,2.117,7.813,20,False
D2,12345,B1,BT4,2025-04-22 23:12:58.345958,0.142,2.309,8.231,21,False
D2,12345,B1,BT4,2025-04-22 23:12:58.365958,0.252,2.391,8.593,22,False
D2,12345,B1,BT4,2025-04-22 23:12:58.385958,0.239,2.068,9.008,23,False
D2,12345,B1,BT4,2025-04-22 23:12:58.405958,0.358,2.168,9.419,24,False
D2,12345,B1,BT4,2025-04-22 23:12:58.425958,0.423,2.16,9.874,25,False
D2,12345,B1,BT4,2025-04-22 23:12:58.445958,0.373,2.072,10.292,26,False
D2,12345,B1,BT4,2025-04-22 23:12:58.465958,0.407,2.056,10.684,27,False
D2,12345,B1,BT4,2025-04-22 23:12:58.485958,0.458,1.883,11.064,28,False
D2,12345,B1,BT4,2025-04-22 23:12:58.505958,0.448,1.822,11.483,29,False
D2,12345,B1,BT4,2025-04-22 23:12:58.525958,0.987,1.713,11.932,30,False
D2,12345,B1,BT4,2025-04-22 23:12:58.545958,0.563,1.777,12.332,31,True
D2,12345,B1,BT4,2025-04-22 23:12:58.565958,0.57,1.693,12.703,32,True
D2,12345,B1,BT4,2025-04-22 23:12:58.585958,0.602,1.648,13.16,33,True
D2,12345,B1,BT4,2025-04-22 23:12:58.605958,0.62,1.654,13.545,34,True
D2,12345,B1,BT4,2025-04-22 23:12:58.625958,0.654,1.519,13.977,35,True
D2,12345,B1,BT4,2025-04-22 23:12:58.645958,0.664,1.595,14.39,36,True
D2,12345,B1,BT4,2025-04-22 23:12:58.665958,0.752,1.38,14.811,37,True
D2,12345,B1,BT4,2025-04-22 23:12:58.685958,0.778,1.397,15.19,38,True
D2,12345,B1,BT4,2025-04-22 23:12:58.705958,0.804,1.377,15.627,39,True
D2,12345,B1,BT4,2025-04-22 23:12:58.725958,0.81,1.304,16.002,40,True
D2,12345,B1,BT4,2025-04-22 23:12:58.745958,0.859,1.221,16.429,41,True
D2,12345,B1,BT4,2025-04-22 23:12:58.765958,0.874,1.209,16.854,42,True
D2,12345,B1,BT4,2025-04-22 23:12:58.785958,0.925,1.206,17.26,43,True
D2,12345,B1,BT4,2025-04-22 23:12:58.805958,0.917,1.182,17.666,44,True
D2,12345,B1,BT4,2025-04-22 23:12:58.825958,0.994,1.082,18.085,45,True
D2,12345,B1,BT4,2025-04-22 23:12:58.845958,1.021,1.027,18.453,46,True
D2,12345,B1,BT4,2025-04-22 23:12:58.865958,1.015,1.008,18.885,47,True
D2,12345,B1,BT4,2025-04-22 23:12:58.885958,1.054,0.985,19.309,48,True
D2,12345,B1,BT4,2025-04-22 23:12:58.905958,1.073,0.881,19.719,49,True
D2,12345,B1,BT4,2025-04-22 23:12:58.925958,1.111,0.832,20.092,50,True
D3,12345,B3,BT2,2025-04-22 23:12:57.946057,0.236,2.012,-0.004,1,False
D3,12345,B3,BT2,2025-04-22 23:12:57.966057,0.72,2.024,0.428,2,False
D3,12345,B3,BT2,2025-04-22 23:12:57.986057,0.767,2.002,0.795,3,False
D3,12345,B3,BT2,2025-04-22 23:12:58.006057,0.182,2.022,1.226,4,False
D3,12345,B3,BT2,2025-04-22 23:12:58.026057,0.863,2.09,1.654,5,False
D3,12345,B3,BT2,2025-04-22 23:12:58.046057,0.26,2.105,2.04,6,False
D3,12345,B3,BT2,2025-04-22 23:12:58.066057,0.22,2.082,2.451,7,False
D3,12345,B3,BT2,2025-04-22 23:12:58.086057,0.253,2.129,2.883,8,False
D3,12345,B3,BT2,2025-04-22 23:12:58.106057,0.864,2.029,3.27,9,False
D3,12345,B3,BT2,2025-04-22 23:12:58.126057,0.65,2.221,3.675,10,False
D3,12345,B3,BT2,2025-04-22 23:12:58.146057,0.608,2.196,4.1,11,False
D3,12345,B3,BT2,2025-04-22 23:12:58.166057,0.21,2.065,4.532,12,False
D3,12345,B3,BT2,2025-04-22 23:12:58.186057,0.331,2.163,4.93,13,False
D3,12345,B3,BT2,2025-04-22 23:12:58.206057,0.863,2.194,5.312,14,False
D3,12345,B3,BT2,2025-04-22 23:12:58.226057,0.92,2.178,5.725,15,False
D3,12345,B3,BT2,2025-04-22 23:12:58.246057,1.059,2.069,6.166,16,False
D3,12345,B3,BT2,2025-04-22 23:12:58.266057,0.961,2.285,6.55,17,False
D3,12345,B3,BT2,2025-04-22 23:12:58.286057,0.916,2.341,6.983,18,False
D3,12345,B3,BT2,2025-04-22 23:12:58.306057,1.045,2.319,7.393,19,False
D3,12345,B3,BT2,2025-04-22 23:12:58.326057,1.051,2.123,7.792,20,False
D3,12345,B3,BT2,2025-04-22 23:12:58.346057,0.295,2.191,8.231,21,False
D3,12345,B3,BT2,2025-04-22 23:12:58.366057,0.475,2.033,8.631,22,False
D3,12345,B3,BT2,2025-04-22 23:12:58.386057,0.984,2.376,9.062,23,False
D3,12345,B3,BT2,2025-04-22 23:12:58.406057,1.254,2.242,9.444,24,False
D3,12345,B3,BT2,2025-04-22 23:12:58.426057,0.636,2.209,9.842,25,False
D3,12345,B3,BT2,2025-04-22 23:12:58.446057,1.104,2.036,10.247,26,False
D3,12345,B3,BT2,2025-04-22 23:12:58.466057,1.165,2.051,10.656,27,False
D3,12345,B3,BT2,2025-04-22 23:12:58.486057,0.915,2.003,11.104,28,False
D3,12345,B3,BT2,2025-04-22 23:12:58.506057,0.449,2.017,11.469,29,False
D3,12345,B3,BT2,2025-04-22 23:12:58.526057,0.924,1.897,11.915,30,False
D3,12345,B3,BT2,2025-04-22 23:12:58.546057,0.941,1.845,12.337,31,True
D3,12345,B3,BT2,2025-04-22 23:12:58.566057,0.987,1.862,12.724,32,True
D3,12345,B3,BT2,2025-04-22 23:12:58.586057,0.952,1.879,13.129,33,True
D3,12345,B3,BT2,2025-04-22 23:12:58.606057,0.985,1.728,13.562,34,True
D3,12345,B3,BT2,2025-04-22 23:12:58.626057,1.037,1.562,13.966,35,True
D3,12345,B3,BT2,2025-04-22 23:12:58.646057,1.01,1.656,14.384,36,True
D3,12345,B3,BT2,2025-04-22 23:12:58.666057,1.037,1.65,14.766,37,True
D3,12345,B3,BT2,2025-04-22 23:12:58.686057,1.064,1.473,15.164,38,True
D3,12345,B3,BT2,2025-04-22 23:12:58.706057,1.089,1.449,15.589,39,True
D3,12345,B3,BT2,2025-04-22 23:12:58.726057,1.09,1.389,15.984,40,True
D3,12345,B3,BT2,2025-04-22 23:12:58.746057,1.116,1.309,16.407,41,True
D3,12345,B3,BT2,2025-04-22 23:12:58.766057,1.112,1.333,16.828,42,True
D3,12345,B3,BT2,2025-04-22 23:12:58.786057,1.16,1.263,17.246,43,True
D3,12345,B3,BT2,2025-04-22 23:12:58.806057,1.16,1.255,17.668,44,True
D3,12345,B3,BT2,2025-04-22 23:12:58.826057,1.15,1.201,18.076,45,True
D3,12345,B3,BT2,2025-04-22 23:12:58.846057,1.216,1.177,18.473,46,True
D3,12345,B3,BT2,2025-04-22 23:12:58.866057,1.181,1.095,18.914,47,True
D3,12345,B3,BT2,2025-04-22 23:12:58.886057,1.206,1.074,19.287,48,True
D3,12345,B3,BT2,2025-04-22 23:12:58.906057,1.251,1.026,19.683,49,True
D3,12345,B3,BT2,2025-04-22 23:12:58.926057,1.255,0.999,20.107,50,True
D4,12345,B1,BT4,2025-04-22 23:12:57.946154,-0.162,2.019,-0.017,1,False
D4,12345,B1,BT4,2025-04-22 23:12:57.966154,-0.105,2.001,0.413,2,False
D4,12345,B1,BT4,2025-04-22 23:12:57.986154,0.102,2.033,0.791,3,False
D4,12345,B1,BT4,2025-04-22 23:12:58.006154,0.402,2.043,1.238,4,False
D4,12345,B1,BT4,2025-04-22 23:12:58.026154,-0.043,2.042,1.633,5,False
D4,12345,B1,BT4,2025-04-22 23:12:58.046154,0.207,2.061,2.028,6,False
D4,12345,B1,BT4,2025-04-22 23:12:58.066154,0.233,2.077,2.462,7,False
D4,12345,B1,BT4,2025-04-22 23:12:58.086154,0.364,2.068,2.886,8,False
D4,12345,B1,BT4,2025-04-22 23:12:58.106154,0.133,2.073,3.296,9,False
D4,12345,B1,BT4,2025-04-22 23:12:58.126154,0.298,2.159,3.716,10,False
D4,12345,B1,BT4,2025-04-22 23:12:58.146154,0.53,2.148,4.135,11,False
D4,12345,B1,BT4,2025-04-22 23:12:58.166154,0.708,2.261,4.508,12,False
D4,12345,B1,BT4,2025-04-22 23:12:58.186154,0.087,2.135,4.935,13,False
D4,12345,B1,BT4,2025-04-22 23:12:58.206154,0.657,2.062,5.322,14,False
D4,12345,B1,BT4,2025-04-22 23:12:58.226154,0.62,2.236,5.756,15,False
D4,12345,B1,BT4,2025-04-22 23:12:58.246154,0.907,2.206,6.135,16,False
D4,12345,B1,BT4,2025-04-22 23:12:58.266154,0.884,2.161,6.574,17,False
D4,12345,B1,BT4,2025-04-22 23:12:58.286154,0.741,2.33,6.964,18,False
D4,12345,B1,BT4,2025-04-22 23:12:58.306154,0.31,2.305,7.385,19,False
D4,12345,B1,BT4,2025-04-22 23:12:58.326154,0.443,2.308,7.793,20,False
D4,12345,B1,BT4,2025-04-22 23:12:58.346154,0.445,2.105,8.215,21,False
D4,12345,B1,BT4,2025-04-22 23:12:58.366154,0.61,2.276,8.6,22,False
D4,12345,B1,BT4,2025-04-22 23:12:58.386154,0.688,2.122,9.039,23,False
D4,12345,B1,BT4,2025-04-22 23:12:58.406154,0.771,2.169,9.462,24,False
D4,12345,B1,BT4,2025-04-22 23:12:58.426154,0.828,1.99,9.86,25,False
D4,12345,B1,BT4,2025-04-22 23:12:58.446154,0.997,2.043,10.289,26,False
D4,12345,B1,BT4,2025-04-22 23:12:58.466154,0.955,1.869,10.676,27,False
D4,12345,B1,BT4,2025-04-22 23:12:58.486154,0.918,2.014,11.075,28,False
D4,12345,B1,BT4,2025-04-22 23:12:58.506154,0.946,1.708,11.516,29,False
D4,12345,B1,BT4,2025-04-22 23:12:58.526154,0.667,1.668,11.933,30,False
D4,12345,B1,BT4,2025-04-22 23:12:58.546154,0.762,1.624,12.32,31,True
D4,12345,B1,BT4,2025-04-22 23:12:58.566154,1.03,1.65,12.748,32,True
D4,12345,B1,BT4,2025-04-22 23:12:58.586154,1.008,1.661,13.14,33,True
D4,12345,B1,BT4,2025-04-22 23:12:58.606154,1.049,1.592,13.524,34,True
D4,12345,B1,BT4,2025-04-22 23:12:58.626154,1.058,1.414,13.973,35,True
D4,12345,B1,BT4,2025-04-22 23:12:58.646154,1.095,1.453,14.346,36,True
D4,12345,B1,BT4,2025-04-22 23:12:58.666154,1.115,1.467,14.788,37,True
D4,12345,B1,BT4,2025-04-22 23:12:58.686154,1.141,1.384,15.174,38,True
D4,12345,B1,BT4,2025-04-22 23:12:58.706154,1.222,1.229,15.627,39,True
D4,12345,B1,BT4,2025-04-22 23:12:58.726154,1.227,1.252,16.037,40,True
D4,12345,B1,BT4,2025-04-22 23:12:58.746154,1.261,1.145,16.404,41,True
D4,12345,B1,BT4,2025-04-22 23:12:58.766154,1.287,1.056,16.827,42,True
D4,12345,B1,BT4,2025-04-22 23:12:58.786154,1.324,1.096,17.232,43,True
D4,12345,B1,BT4,2025-04-22 23:12:58.806154,1.326,1.018,17.661,44,True
D4,12345,B1,BT4,2025-04-22 23:12:58.826154,1.342,0.979,18.072,45,True
D4,12345,B1,BT4,2025-04-22 23:12:58.846154,1.393,0.921,18.468,46,True
D4,12345,B1,BT4,2025-04-22 23:12:58.866154,1.4,0.823,18.87,47,True
D4,12345,B1,BT4,2025-04-22 23:12:58.886154,1.436,0.784,19.302,48,True
D4,12345,B1,BT4,2025-04-22 23:12:58.906154,1.454,0.752,19.729,49,True
D4,12345,B1,BT4,2025-04-22 23:12:58.926154,1.52,0.659,20.129,50,True
D5,12345,B1,BT11,2025-04-22 23:12:57.946252,-0.046,1.973,-0.017,1,False
D5,12345,B1,BT11,2025-04-22 23:12:57.966252,-0.026,2.045,0.435,2,False
D5,12345,B1,BT11,2025-04-22 23:12:57.986252,0.029,2.027,0.825,3,False
D5,12345,B1,BT11,2025-04-22 23:12:58.006252,-0.004,2.046,1.247,4,False
D5,12345,B1,BT11,2025-04-22 23:12:58.026252,-0.041,2.027,1.617,5,False
D5,12345,B1,BT11,2025-04-22 23:12:58.046252,-0.309,2.117,2.071,6,False
D5,12345,B1,BT11,2025-04-22 23:12:58.066252,-0.383,2.086,2.478,7,False
D5,12345,B1,BT11,2025-04-22 23:12:58.086252,-0.32,2.093,2.867,8,False
D5,12345,B1,BT11,2025-04-22 23:12:58.106252,0.027,2.099,3.298,9,False
D5,12345,B1,BT11,2025-04-22 23:12:58.126252,0.257,2.101,3.672,10,False
D5,12345,B1,BT11,2025-04-22 23:12:58.146252,0.061,2.167,4.117,11,False
D5,12345,B1,BT11,2025-04-22 23:12:58.166252,0.176,2.176,4.508,12,False
D5,12345,B1,BT11,2025-04-22 23:12:58.186252,-0.013,2.275,4.916,13,False
D5,12345,B1,BT11,2025-04-22 23:12:58.206252,-0.47,2.116,5.341,14,False
D5,12345,B1,BT11,2025-04-22 23:12:58.226252,-0.27,2.166,5.765,15,False
D5,12345,B1,BT11,2025-04-22 23:12:58.246252,0.073,2.158,6.171,16,False
D5,12345,B1,BT11,2025-04-22 23:12:58.266252,-0.447,2.199,6.578,17,False
D5,12345,B1,BT11,2025-04-22 23:12:58.286252,0.119,2.399,6.963,18,False
D5,12345,B1,BT11,2025-04-22 23:12:58.306252,-0.193,2.376,7.362,19,False
D5,12345,B1,BT11,2025-04-22 23:12:58.326252,-0.094,2.347,7.792,20,False
D5,12345,B1,BT11,2025-04-22 23:12:58.346252,0.206,2.179,8.201,21,False
D5,12345,B1,BT11,2025-04-22 23:12:58.366252,-0.088,2.344,8.63,22,False
D5,12345,B1,BT11,2025-04-22 23:12:58.386252,-0.112,2.279,9.01,23,False
D5,12345,B1,BT11,2025-04-22 23:12:58.406252,-0.064,2.041,9.425,24,False
D5,12345,B1,BT11,2025-04-22 23:12:58.426252,0.045,2.162,9.86,25,False
D5,12345,B1,BT11,2025-04-22 23:12:58.446252,0.281,1.849,10.245,26,False
D5,12345,B1,BT11,2025-04-22 23:12:58.466252,-0.06,1.8,10.698,27,False
D5,12345,B1,BT11,2025-04-22 23:12:58.486252,0.268,1.733,11.094,28,False
D5,12345,B1,BT11,2025-04-22 23:12:58.506252,-0.049,1.641,11.512,29,False
D5,12345,B1,BT11,2025-04-22 23:12:58.526252,-0.15,1.846,11.892,30,False
D5,12345,B1,BT11,2025-04-22 23:12:58.546252,-0.018,1.629,12.326,31,True
D5,12345,B1,BT11,2025-04-22 23:12:58.566252,-0.065,1.527,12.752,32,True
D5,12345,B1,BT11,2025-04-22 23:12:58.586252,-0.03,1.543,13.147,33,True
D5,12345,B1,BT11,2025-04-22 23:12:58.606252,-0.036,1.371,13.535,34,True
D5,12345,B1,BT11,2025-04-22 23:12:58.626252,-0.042,1.336,13.932,35,True
D5,12345,B1,BT11,2025-04-22 23:12:58.646252,-0.018,1.38,14.379,36,True
D5,12345,B1,BT11,2025-04-22 23:12:58.666252,0.013,1.19,14.779,37,True
D5,12345,B1,BT11,2025-04-22 23:12:58.686252,0.012,1.186,15.22,38,True
D5,12345,B1,BT11,2025-04-22 23:12:58.706252,0.003,1.078,15.624,39,True
D5,12345,B1,BT11,2025-04-22 23:12:58.726252,0.029,1.01,16.034,40,True
D5,12345,B1,BT11,2025-04-22 23:12:58.746252,-0.016,0.926,16.427,41,True
D5,12345,B1,BT11,2025-04-22 23:12:58.766252,0.004,0.983,16.819,42,True
D5,12345,B1,BT11,2025-04-22 23:12:58.786252,0.019,0.83,17.241,43,True
D5,12345,B1,BT11,2025-04-22 23:12:58.806252,0.019,0.778,17.639,44,True
D5,12345,B1,BT11,2025-04-22 23:12:58.826252,0.044,0.739,18.078,45,True
D5,12345,B1,BT11,2025-04-22 23:12:58.846252,0.027,0.671,18.503,46,True
D5,12345,B1,BT11,2025-04-22 23:12:58.866252,0.035,0.637,18.899,47,True
D5,12345,B1,BT11,2025-04-22 23:12:58.886252,0.034,0.583,19.314,48,True
D5,12345,B1,BT11,2025-04-22 23:12:58.906252,0.027,0.475,19.705,49,True
D5,12345,B1,BT11,2025-04-22 23:12:58.926252,0.049,0.454,20.128,50,True
D6,12345,B1,BT9,2025-04-22 23:12:57.946340,-0.225,2.003,-0.011,1,False
D6,12345,B1,BT9,2025-04-22 23:12:57.966340,-0.149,2.001,0.404,2,False
D6,12345,B1,BT9,2025-04-22 23:12:57.986340,-0.77,2.01,0.809,3,False
D6,12345,B1,BT9,2025-04-22 23:12:58.006340,-0.357,2.05,1.259,4,False
D6,12345,B1,BT9,2025-04-22 23:12:58.026340,-0.426,2.0,1.646,5,False
D6,12345,B1,BT9,2025-04-22 23:12:58.046340,-0.418,2.092,2.054,6,False
D6,12345,B1,BT9,2025-04-22 23:12:58.066340,-0.565,2.145,2.472,7,False
D6,12345,B1,BT9,2025-04-22 23:12:58.086340,-0.164,2.128,2.874,8,False
D6,12345,B1,BT9,2025-04-22 23:12:58.106340,-0.188,2.228,3.272,9,False
D6,12345,B1,BT9,2025-04-22 23:12:58.126340,-0.554,2.115,3.669,10,False
D6,12345,B1,BT9,2025-04-22 23:12:58.146340,-0.459,2.124,4.128,11,False
D6,12345,B1,BT9,2025-04-22 23:12:58.166340,-0.363,2.238,4.508,12,False
D6,12345,B1,BT9,2025-04-22 23:12:58.186340,-0.11,2.22,4.92,13,False
D6,12345,B1,BT9,2025-04-22 23:12:58.206340,-0.522,2.269,5.361,14,False
D6,12345,B1,BT9,2025-04-22 23:12:58.226340,-0.191,2.264,5.767,15,False
D6,12345,B1,BT9,2025-04-22 23:12:58.246340,-0.368,2.256,6.169,16,False
D6,12345,B1,BT9,2025-04-22 23:12:58.266340,-0.151,2.328,6.571,17,False
D6,12345,B1,BT9,2025-04-22 23:12:58.286340,-0.715,2.263,6.996,18,False
D6,12345,B1,BT9,2025-04-22 23:12:58.306340,-0.027,2.112,7.366,19,False
D6,12345,B1,BT9,2025-04-22 23:12:58.326340,0.106,2.122,7.786,20,False
D6,12345,B1,BT9,2025-04-22 23:12:58.346340,-0.176,2.426,8.23,21,False
D6,12345,B1,BT9,2025-04-22 23:12:58.366340,-0.188,2.008,8.633,22,False
D6,12345,B1,BT9,2025-04-22 23:12:58.386340,-0.279,2.042,9.03,23,False
D6,12345,B1,BT9,2025-04-22 23:12:58.406340,-0.412,2.222,9.423,24,False
D6,12345,B1,BT9,2025-04-22 23:12:58.426340,-0.163,1.95,9.834,25,False
D6,12345,B1,BT9,2025-04-22 23:12:58.446340,0.253,1.956,10.29,26,False
D6,12345,B1,BT9,2025-04-22 23:12:58.466340,0.308,1.971,10.703,27,False
D6,12345,B1,BT9,2025-04-22 23:12:58.486340,-0.159,1.868,11.095,28,False
D6,12345,B1,BT9,2025-04-22 23:12:58.506340,-0.103,1.591,11.499,29,False
D6,12345,B1,BT9,2025-04-22 23:12:58.526340,0.278,1.591,11.922,30,False
D6,12345,B1,BT9,2025-04-22 23:12:58.546340,0.158,1.588,12.336,31,True
D6,12345,B1,BT9,2025-04-22 23:12:58.566340,-0.075,1.508,12.72,32,True
D6,12345,B1,BT9,2025-04-22 23:12:58.586340,-0.051,1.538,13.151,33,True
D6,12345,B1,BT9,2025-04-22 23:12:58.606340,-0.064,1.475,13.56,34,True
D6,12345,B1,BT9,2025-04-22 23:12:58.626340,-0.06,1.346,13.962,35,True
D6,12345,B1,BT9,2025-04-22 23:12:58.646340,-0.025,1.177,14.384,36,True
D6,12345,B1,BT9,2025-04-22 23:12:58.666340,-0.008,1.14,14.783,37,True
D6,12345,B1,BT9,2025-04-22 23:12:58.686340,-0.042,1.093,15.168,38,True
D6,12345,B1,BT9,2025-04-22 23:12:58.706340,-0.04,0.994,15.627,39,True
D6,12345,B1,BT9,2025-04-22 23:12:58.726340,0.016,0.919,16.03,40,True
D6,12345,B1,BT9,2025-04-22 23:12:58.746340,0.027,0.915,16.425,41,True
D6,12345,B1,BT9,2025-04-22 23:12:58.766340,0.001,0.834,16.833,42,True
D6,12345,B1,BT9,2025-04-22 23:12:58.786340,0.027,0.682,17.26,43,True
D6,12345,B1,BT9,2025-04-22 23:12:58.806340,0.045,0.659,17.658,44,True
D6,12345,B1,BT9,2025-04-22 23:12:58.826340,0.058,0.551,18.092,45,True
D6,12345,B1,BT9,2025-04-22 23:12:58.846340,0.055,0.507,18.493,46,True
D6,12345,B1,BT9,2025-04-22 23:12:58.866340,0.051,0.441,18.867,47,True
D6,12345,B1,BT9,2025-04-22 23:12:58.886340,0.052,0.382,19.301,48,True
D6,12345,B1,BT9,2025-04-22 23:12:58.906340,0.084,0.339,19.693,49,True
D6,12345,B1,BT9,2025-04-22 23:12:58.926340,0.074,0.256,20.099,50,True
D7,12345,B1,BT7,2025-04-22 23:12:57.946427,0.572,2.003,0.006,1,False
D7,12345,B1,BT7,2025-04-22 23:12:57.966427,0.407,1.997,0.415,2,False
D7,12345,B1,BT7,2025-04-22 23:12:57.986427,0.492,1.992,0.8,3,False
D7,12345,B1,BT7,2025-04-22 23:12:58.006427,0.123,2.024,1.205,4,False
D7,12345,B1,BT7,2025-04-22 23:12:58.026427,-0.204,2.016,1.659,5,False
D7,12345,B1,BT7,2025-04-22 23:12:58.046427,0.214,2.069,2.057,6,False
D7,12345,B1,BT7,2025-04-22 23:12:58.066427,0.262,2.083,2.466,7,False
D7,12345,B1,BT7,2025-04-22 23:12:58.086427,-0.232,2.177,2.857,8,False
D7,12345,B1,BT7,2025-04-22 23:12:58.106427,0.353,2.106,3.297,9,False
D7,12345,B1,BT7,2025-04-22 23:12:58.126427,0.322,2.184,3.674,10,False
D7,12345,B1,BT7,2025-04-22 23:12:58.146427,0.244,2.06,4.1,11,False
D7,12345,B1,BT7,2025-04-22 23:12:58.166427,-0.255,2.239,4.532,12,False
D7,12345,B1,BT7,2025-04-22 23:12:58.186427,0.362,2.257,4.933,13,False
D7,12345,B1,BT7,2025-04-22 23:12:58.206427,0.117,2.117,5.336,14,False
D7,12345,B1,BT7,2025-04-22 23:12:58.226427,-0.088,2.264,5.76,15,False
D7,12345,B1,BT7,2025-04-22 23:12:58.246427,0.501,2.129,6.132,16,False
D7,12345,B1,BT7,2025-04-22 23:12:58.266427,-0.038,2.23,6.552,17,False
D7,12345,B1,BT7,2025-04-22 23:12:58.286427,0.264,2.223,6.996,18,False
D7,12345,B1,BT7,2025-04-22 23:12:58.306427,-0.318,2.126,7.38,19,False
D7,12345,B1,BT7,2025-04-22 23:12:58.326427,-0.05,2.318,7.828,20,False
D7,12345,B1,BT7,2025-04-22 23:12:58.346427,0.504,2.322,8.189,21,False
D7,12345,B1,BT7,2025-04-22 23:12:58.366427,0.233,2.219,8.598,22,False
D7,12345,B1,BT7,2025-04-22 23:12:58.386427,-0.222,2.09,9.005,23,False
D7,12345,B1,BT7,2025-04-22 23:12:58.406427,-0.12,2.094,9.425,24,False
D7,12345,B1,BT7,2025-04-22 23:12:58.426427,0.548,2.096,9.837,25,False
D7,12345,B1,BT7,2025-04-22 23:12:58.446427,0.055,1.87,10.291,26,False
D7,12345,B1,BT7,2025-04-22 23:12:58.466427,0.076,1.991,10.664,27,False
D7,12345,B1,BT7,2025-04-22 23:12:58.486427,0.295,1.813,11.074,28,False
D7,12345,B1,BT7,2025-04-22 23:12:58.506427,0.112,1.625,11.476,29,False
D7,12345,B1,BT7,2025-04-22 23:12:58.526427,0.117,1.542,11.92,30,False
D7,12345,B1,BT7,2025-04-22 23:12:58.546427,0.107,1.504,12.29,31,True
D7,12345,B1,BT7,2025-04-22 23:12:58.566427,0.119,1.491,12.724,32,True
D7,12345,B1,BT7,2025-04-22 23:12:58.586427,0.117,1.503,13.14,33,True
D7,12345,B1,BT7,2025-04-22 23:12:58.606427,0.118,1.432,13.565,34,True
D7,12345,B1,BT7,2025-04-22 23:12:58.626427,0.115,1.253,13.951,35,True
D7,12345,B1,BT7,2025-04-22 23:12:58.646427,0.142,1.204,14.351,36,True
D7,12345,B1,BT7,2025-04-22 23:12:58.666427,0.104,1.1,14.766,37,True
D7,12345,B1,BT7,2025-04-22 23:12:58.686427,0.155,1.083,15.174,38,True
D7,12345,B1,BT7,2025-04-22 23:12:58.706427,0.123,1.083,15.586,39,True
D7,12345,B1,BT7,2025-04-22 23:12:58.726427,0.147,0.896,16.024,40,True
D7,12345,B1,BT7,2025-04-22 23:12:58.746427,0.133,0.935,16.434,41,True
D7,12345,B1,BT7,2025-04-22 23:12:58.766427,0.109,0.871,16.833,42,True
D7,12345,B1,BT7,2025-04-22 23:12:58.786427,0.131,0.719,17.246,43,True
D7,12345,B1,BT7,2025-04-22 23:12:58.806427,0.104,0.708,17.665,44,True
D7,12345,B1,BT7,2025-04-22 23:12:58.826427,0.13,0.648,18.066,45,True
D7,12345,B1,BT7,2025-04-22 23:12:58.846427,0.142,0.572,18.482,46,True
D7,12345,B1,BT7,2025-04-22 23:12:58.866427,0.15,0.45,18.887,47,True
D7,12345,B1,BT7,2025-04-22 23:12:58.886427,0.117,0.439,19.292,48,True
D7,12345,B1,BT7,2025-04-22 23:12:58.906427,0.111,0.34,19.722,49,True
D7,12345,B1,BT7,2025-04-22 23:12:58.926427,0.13,0.293,20.149,50,True
D8,12345,B5,BT6,2025-04-22 23:12:57.946529,-0.578,2.004,0.007,1,False
D8,12345,B5,BT6,2025-04-22 23:12:57.966529,-0.345,2.016,0.437,2,False
D8,12345,B5,BT6,2025-04-22 23:12:57.986529,-0.792,2.024,0.809,3,False
D8,12345,B5,BT6,2025-04-22 23:12:58.006529,-0.748,2.048,1.242,4,False
D8,12345,B5,BT6,2025-04-22 23:12:58.026529,-0.584,2.056,1.623,5,False
D8,12345,B5,BT6,2025-04-22 23:12:58.046529,-0.833,2.078,2.065,6,False
D8,12345,B5,BT6,2025-04-22 23:12:58.066529,-0.148,2.113,2.437,7,False
D8,12345,B5,BT6,2025-04-22 23:12:58.086529,-0.088,2.064,2.876,8,False
D8,12345,B5,BT6,2025-04-22 23:12:58.106529,-0.639,2.111,3.265,9,False
D8,12345,B5,BT6,2025-04-22 23:12:58.126529,-0.581,2.198,3.682,10,False
D8,12345,B5,BT6,2025-04-22 23:12:58.146529,-0.213,2.247,4.098,11,False
D8,12345,B5,BT6,2025-04-22 23:12:58.166529,-0.803,2.181,4.529,12,False
D8,12345,B5,BT6,2025-04-22 23:12:58.186529,-0.355,2.14,4.937,13,False
D8,12345,B5,BT6,2025-04-22 23:12:58.206529,-0.86,2.196,5.346,14,False
D8,12345,B5,BT6,2025-04-22 23:12:58.226529,-0.666,2.358,5.733,15,False
D8,12345,B5,BT6,2025-04-22 23:12:58.246529,-0.265,2.338,6.146,16,False
D8,12345,B5,BT6,2025-04-22 23:12:58.266529,-0.459,2.282,6.554,17,False
D8,12345,B5,BT6,2025-04-22 23:12:58.286529,-0.141,2.399,6.992,18,False
D8,12345,B5,BT6,2025-04-22 23:12:58.306529,-0.819,2.194,7.364,19,False
D8,12345,B5,BT6,2025-04-22 23:12:58.326529,-0.763,2.156,7.787,20,False
D8,12345,B5,BT6,2025-04-22 23:12:58.346529,-0.04,2.412,8.227,21,False
D8,12345,B5,BT6,2025-04-22 23:12:58.366529,-0.663,2.076,8.595,22,False
D8,12345,B5,BT6,2025-04-22 23:12:58.386529,-0.68,2.039,9.054,23,False
D8,12345,B5,BT6,2025-04-22 23:12:58.406529,-0.797,2.18,9.452,24,False
D8,12345,B5,BT6,2025-04-22 23:12:58.426529,-0.4,1.908,9.853,25,False
D8,12345,B5,BT6,2025-04-22 23:12:58.446529,-0.312,2.012,10.268,26,False
D8,12345,B5,BT6,2025-04-22 23:12:58.466529,-0.52,2.01,10.67,27,False
D8,12345,B5,BT6,2025-04-22 23:12:58.486529,-0.295,1.72,11.082,28,False
D8,12345,B5,BT6,2025-04-22 23:12:58.506529,-0.28,1.856,11.476,29,False
D8,12345,B5,BT6,2025-04-22 23:12:58.526529,-0.311,1.588,11.93,30,False
D8,12345,B5,BT6,2025-04-22 23:12:58.546529,-0.259,1.708,12.322,31,True
D8,12345,B5,BT6,2025-04-22 23:12:58.566529,0.013,1.498,12.758,32,True
D8,12345,B5,BT6,2025-04-22 23:12:58.586529,-0.266,1.351,13.166,33,True
D8,12345,B5,BT6,2025-04-22 23:12:58.606529,-0.259,1.305,13.529,34,True
D8,12345,B5,BT6,2025-04-22 23:12:58.626529,-0.276,1.279,13.961,35,True
D8,12345,B5,BT6,2025-04-22 23:12:58.646529,-0.265,1.271,14.396,36,True
D8,12345,B5,BT6,2025-04-22 23:12:58.666529,-0.23,1.259,14.762,37,True
D8,12345,B5,BT6,2025-04-22 23:12:58.686529,-0.203,1.221,15.175,38,True
D8,12345,B5,BT6,2025-04-22 23:12:58.706529,-0.233,1.159,15.588,39,True
D8,12345,B5,BT6,2025-04-22 23:12:58.726529,-0.206,1.086,16.011,40,True
D8,12345,B5,BT6,2025-04-22 23:12:58.746529,-0.222,0.932,16.399,41,True
D8,12345,B5,BT6,2025-04-22 23:12:58.766529,-0.185,0.901,16.841,42,True
D8,12345,B5,BT6,2025-04-22 23:12:58.786529,-0.174,0.838,17.237,43,True
D8,12345,B5,BT6,2025-04-22 23:12:58.806529,-0.185,0.776,17.656,44,True
D8,12345,B5,BT6,2025-04-22 23:12:58.826529,-0.187,0.665,18.097,45,True
D8,12345,B5,BT6,2025-04-22 23:12:58.846529,-0.156,0.633,18.455,46,True
D8,12345,B5,BT6,2025-04-22 23:12:58.866529,-0.149,0.592,18.877,47,True
D8,12345,B5,BT6,2025-04-22 23:12:58.886529,-0.135,0.518,19.273,48,True
D8,12345,B5,BT6,2025-04-22 23:12:58.906529,-0.171,0.423,19.689,49,True
D8,12345,B5,BT6,2025-04-22 23:12:58.926529,-0.156,0.373,20.115,50,True
D9,12345,B2,BT10,2025-04-22 23:12:57.946627,-0.555,1.999,-0.029,1,False
D9,12345,B2,BT10,2025-04-22 23:12:57.966627,-0.503,1.994,0.387,2,False
D9,12345,B2,BT10,2025-04-22 23:12:57.986627,-0.222,2.015,0.832,3,False
D9,12345,B2,BT10,2025-04-22 23:12:58.006627,-0.756,2.021,1.239,4,False
D9,12345,B2,BT10,2025-04-22 23:12:58.026627,-0.326,2.083,1.662,5,False
D9,12345,B2,BT10,2025-04-22 23:12:58.046627,-0.169,2.127,2.049,6,False
D9,12345,B2,BT10,2025-04-22 23:12:58.066627,-0.443,2.142,2.479,7,False
D9,12345,B2,BT10,2025-04-22 23:12:58.086627,-0.373,2.101,2.897,8,False
D9,12345,B2,BT10,2025-04-22 23:12:58.106627,-0.482,2.135,3.29,9,False
D9,12345,B2,BT10,2025-04-22 23:12:58.126627,-0.44,2.204,3.683,10,False
D9,12345,B2,BT10,2025-04-22 23:12:58.146627,-0.047,2.174,4.125,11,False
D9,12345,B2,BT10,2025-04-22 23:12:58.166627,0.125,2.066,4.492,12,False
D9,12345,B2,BT10,2025-04-22 23:12:58.186627,0.068,2.171,4.918,13,False
D9,12345,B2,BT10,2025-04-22 23:12:58.206627,-0.101,2.171,5.329,14,False
D9,12345,B2,BT10,2025-04-22 23:12:58.226627,-0.64,2.319,5.731,15,False
D9,12345,B2,BT10,2025-04-22 23:12:58.246627,-0.032,2.287,6.132,16,False
D9,12345,B2,BT10,2025-04-22 23:12:58.266627,0.026,2.249,6.585,17,False
D9,12345,B2,BT10,2025-04-22 23:12:58.286627,-0.272,2.186,6.968,18,False
D9,12345,B2,BT10,2025-04-22 23:12:58.306627,-0.37,2.177,7.381,19,False
D9,12345,B2,BT10,2025-04-22 23:12:58.326627,-0.033,2.16,7.808,20,False
D9,12345,B2,BT10,2025-04-22 23:12:58.346627,0.029,2.172,8.222,21,False
D9,12345,B2,BT10,2025-04-22 23:12:58.366627,0.264,2.134,8.642,22,False
D9,12345,B2,BT10,2025-04-22 23:12:58.386627,-0.391,2.138,9.012,23,False
D9,12345,B2,BT10,2025-04-22 23:12:58.406627,-0.074,2.127,9.461,24,False
D9,12345,B2,BT10,2025-04-22 23:12:58.426627,-0.445,1.83,9.852,25,False
D9,12345,B2,BT10,2025-04-22 23:12:58.446627,0.219,1.775,10.281,26,False
D9,12345,B2,BT10,2025-04-22 23:12:58.466627,-0.528,1.963,10.656,27,False
D9,12345,B2,BT10,2025-04-22 23:12:58.486627,-0.113,1.705,11.061,28,False
D9,12345,B2,BT10,2025-04-22 23:12:58.506627,-0.118,1.667,11.523,29,False
D9,12345,B2,BT10,2025-04-22 23:12:58.526627,-0.595,1.732,11.9,30,False
D9,12345,B2,BT10,2025-04-22 23:12:58.546627,-0.087,1.582,12.322,31,True
D9,12345,B2,BT10,2025-04-22 23:12:58.566627,-0.092,1.546,12.736,32,True
D9,12345,B2,BT10,2025-04-22 23:12:58.586627,0.001,1.423,13.135,33,True
D9,12345,B2,BT10,2025-04-22 23:12:58.606627,-0.047,1.348,13.57,34,True
D9,12345,B2,BT10,2025-04-22 23:12:58.626627,-0.087,1.332,13.984,35,True
D9,12345,B2,BT10,2025-04-22 23:12:58.646627,-0.042,1.163,14.343,36,True
D9,12345,B2,BT10,2025-04-22 23:12:58.666627,-0.024,1.177,14.798,37,True
D9,12345,B2,BT10,2025-04-22 23:12:58.686627,-0.021,0.968,15.202,38,True
D9,12345,B2,BT10,2025-04-22 23:12:58.706627,-0.021,1.026,15.61,39,True
D9,12345,B2,BT10,2025-04-22 23:12:58.726627,0.008,0.925,15.991,40,True
D9,12345,B2,BT10,2025-04-22 23:12:58.746627,-0.002,0.886,16.446,41,True
D9,12345,B2,BT10,2025-04-22 23:12:58.766627,0.001,0.836,16.826,42,True
D9,12345,B2,BT10,2025-04-22 23:12:58.786627,0.004,0.696,17.266,43,True
D9,12345,B2,BT10,2025-04-22 23:12:58.806627,0.031,0.624,17.645,44,True
D9,12345,B2,BT10,2025-04-22 23:12:58.826627,0.049,0.587,18.067,45,True
D9,12345,B2,BT10,2025-04-22 23:12:58.846627,0.047,0.522,18.453,46,True
D9,12345,B2,BT10,2025-04-22 23:12:58.866627,0.065,0.42,18.86,47,True
D9,12345,B2,BT10,2025-04-22 23:12:58.886627,0.074,0.353,19.302,48,True
D9,12345,B2,BT10,2025-04-22 23:12:58.906627,0.092,0.264,19.702,49,True
D9,12345,B2,BT10,2025-04-22 23:12:58.926627,0.097,0.218,20.099,50,True
D10,12345,B3,BT2,2025-04-22 23:12:57.946722,0.09,2.017,0.011,1,False
D10,12345,B3,BT2,2025-04-22 23:12:57.966722,0.016,2.039,0.399,2,False
D10,12345,B3,BT2,2025-04-22 23:12:57.986722,0.051,2.018,0.822,3,False
D10,12345,B3,BT2,2025-04-22 23:12:58.006722,-0.007,2.049,1.235,4,False
D10,12345,B3,BT2,2025-04-22 23:12:58.026722,0.169,2.116,1.671,5,False
D10,12345,B3,BT2,2025-04-22 23:12:58.046722,0.062,2.126,2.041,6,False
D10,12345,B3,BT2,2025-04-22 23:12:58.066722,0.292,2.051,2.489,7,False
D10,12345,B3,BT2,2025-04-22 23:12:58.086722,0.474,2.117,2.845,8,False
D10,12345,B3,BT2,2025-04-22 23:12:58.106722,0.176,2.084,3.264,9,False
D10,12345,B3,BT2,2025-04-22 23:12:58.126722,0.51,2.222,3.704,10,False
D10,12345,B3,BT2,2025-04-22 23:12:58.146722,0.641,2.142,4.127,11,False
D10,12345,B3,BT2,2025-04-22 23:12:58.166722,0.569,2.208,4.523,12,False
D10,12345,B3,BT2,2025-04-22 23:12:58.186722,-0.035,2.166,4.915,13,False
D10,12345,B3,BT2,2025-04-22 23:12:58.206722,0.663,2.353,5.333,14,False
D10,12345,B3,BT2,2025-04-22 23:12:58.226722,0.053,2.312,5.778,15,False
D10,12345,B3,BT2,2025-04-22 23:12:58.246722,0.62,2.276,6.187,16,False
D10,12345,B3,BT2,2025-04-22 23:12:58.266722,0.663,2.368,6.588,17,False
D10,12345,B3,BT2,2025-04-22 23:12:58.286722,0.422,2.387,6.988,18,False
D10,12345,B3,BT2,2025-04-22 23:12:58.306722,0.672,2.19,7.375,19,False
D10,12345,B3,BT2,2025-04-22 23:12:58.326722,0.649,2.074,7.785,20,False
D10,12345,B3,BT2,2025-04-22 23:12:58.346722,-0.075,2.382,8.216,21,False
D10,12345,B3,BT2,2025-04-22 23:12:58.366722,0.289,2.115,8.622,22,False
D10,12345,B3,BT2,2025-04-22 23:12:58.386722,0.266,2.186,9.016,23,False
D10,12345,B3,BT2,2025-04-22 23:12:58.406722,0.662,2.15,9.457,24,False
D10,12345,B3,BT2,2025-04-22 23:12:58.426722,0.285,1.97,9.87,25,False
D10,12345,B3,BT2,2025-04-22 23:12:58.446722,0.268,1.852,10.292,26,False
D10,12345,B3,BT2,2025-04-22 23:12:58.466722,0.21,1.752,10.647,27,False
D10,12345,B3,BT2,2025-04-22 23:12:58.486722,0.308,1.903,11.076,28,False
D10,12345,B3,BT2,2025-04-22 23:12:58.506722,0.268,1.754,11.515,29,False
D10,12345,B3,BT2,2025-04-22 23:12:58.526722,0.309,1.634,11.882,30,False
D10,12345,B3,BT2,2025-04-22 23:12:58.546722,0.271,1.66,12.343,31,True
D10,12345,B3,BT2,2025-04-22 23:12:58.566722,0.296,1.623,12.739,32,True
D10,12345,B3,BT2,2025-04-22 23:12:58.586722,0.264,1.502,13.141,33,True
D10,12345,B3,BT2,2025-04-22 23:12:58.606722,0.316,1.439,13.56,34,True
D10,12345,B3,BT2,2025-04-22 23:12:58.626722,0.288,1.359,13.988,35,True
D10,12345,B3,BT2,2025-04-22 23:12:58.646722,0.27,1.329,14.367,36,True
D10,12345,B3,BT2,2025-04-22 23:12:58.666722,0.302,1.265,14.803,37,True
D10,12345,B3,BT2,2025-04-22 23:12:58.686722,0.308,1.075,15.205,38,True
D10,12345,B3,BT2,2025-04-22 23:12:58.706722,0.274,1.17,15.586,39,True
D10,12345,B3,BT2,2025-04-22 23:12:58.726722,0.285,1.077,15.998,40,True
D10,12345,B3,BT2,2025-04-22 23:12:58.746722,0.283,0.948,16.408,41,True
D10,12345,B3,BT2,2025-04-22 23:12:58.766722,0.264,0.991,16.842,42,True
D10,12345,B3,BT2,2025-04-22 23:12:58.786722,0.266,0.834,17.273,43,True
D10,12345,B3,BT2,2025-04-22 23:12:58.806722,0.283,0.795,17.672,44,True
D10,12345,B3,BT2,2025-04-22 23:12:58.826722,0.315,0.71,18.06,45,True
D10,12345,B3,BT2,2025-04-22 23:12:58.846722,0.298,0.645,18.461,46,True
D10,12345,B3,BT2,2025-04-22 23:12:58.866722,0.292,0.616,18.894,47,True
D10,12345,B3,BT2,2025-04-22 23:12:58.886722,0.283,0.557,19.287,48,True
D10,12345,B3,BT2,2025-04-22 23:12:58.906722,0.287,0.485,19.689,49,True
D10,12345,B3,BT2,2025-04-22 23:12:58.926722,0.293,0.416,20.129,50,True
